Date/Time;Radiated Energy (e10 J);Impact energy (kt);Velocity (km/s);Altitude (km);Longitude (deg.);Latitude (deg.);Latitude direction (East / West);Latitude direction (North / South);Geo point
2024-05-05T22:11:03+02:00;3.7;0.13;13;39.0;112;7;W;S;7.1, 112.7
2024-02-05T01:32:54+01:00;4.6;0.15;14;23.0;123;13;E;S;13.8, 123.7
2023-10-26T10:58:25+02:00;29.1;0.78;30;44.2;174;45;W;N;45.9, 174.8
2023-08-05T21:54:50+02:00;171.9;3.8;21;44.0;131;19;W;N;19.9, 131.7
2023-06-21T21:39:13+02:00;54.3;1.4;16;40.4;62;12;E;N;12.4, 62.8
2023-04-01T02:02:03+02:00;2.4;0.086;46;61.8;76;16;E;S;16.8, 76.0
2023-03-20T07:53:23+01:00;2.7;0.095;;34.8;132;23;E;S;23.7, 132.6
2023-03-03T03:53:54+01:00;6.4;0.2;25;32.0;87;40;E;N;40.1, 87.4
2023-01-22T18:11:43+01:00;2.0;0.073;;61.0;76;3;W;N;3.5, 76.2
2023-01-17T07:56:59+01:00;2.9;0.1;14;38.0;173;33;W;N;33.1, 173.7
2023-01-02T17:38:02+01:00;5.0;0.16;;44.6;129;1;E;N;1.5, 129.0
2022-12-29T07:52:09+01:00;6.2;0.2;16;32.3;92;42;E;N;42.3, 92.9
2022-11-20T16:35:21+01:00;3.3;0.11;;50.0;95;17;W;S;17.0, 95.7
2022-11-20T14:53:54+01:00;3.4;0.12;21;26.0;109;15;W;N;15.0, 109.7
2022-11-08T09:54:01+01:00;3.9;0.13;;41.0;93;77;W;N;77.2, 93.2
2022-09-15T04:49:02+02:00;2.7;0.095;;31.5;97;22;E;N;22.7, 97.6
2022-08-21T18:35:49+02:00;2.1;0.076;;37.0;51;6;E;S;6.3, 51.5
2022-07-28T03:36:08+02:00;25.1;0.68;29;37.5;86;6;W;S;6.0, 86.9
2022-07-22T02:16:19+02:00;6.0;0.19;17;32.7;20;23;W;S;23.3, 20.5
2022-07-07T03:49:26+02:00;73.4;1.8;;35.0;175;41;E;S;41.7, 175.0
2022-06-08T00:53:17+02:00;3.1;0.11;24;41.1;127;40;W;N;40.8, 127.1
2022-04-04T02:30:39+02:00;2.7;0.095;19;31.5;64;3;W;S;3.2, 64.3
2022-03-30T20:19:18+02:00;2.0;0.073;;74.0;171;45;W;S;45.9, 171.4
2022-02-17T04:53:24+01:00;6.5;0.21;21;32.4;56;5;E;N;5.4, 56.4
2022-01-30T03:06:18+01:00;5.4;0.18;20;36.6;38;50;W;N;50.0, 38.0
2021-12-21T00:15:55+01:00;3.2;0.11;18;56.0;60;62;E;N;62.7, 60.3
2021-12-10T02:19:06+01:00;5.0;0.16;;27.5;172;47;E;S;47.5, 172.6
2021-11-28T19:06:50+01:00;4.0;0.13;19;38.4;113;32;E;N;32.6, 113.5
2021-11-08T06:28:28+01:00;3.3;0.11;;36.0;7;33;W;S;33.8, 7.7
2021-10-28T11:10:30+02:00;3.0;0.1;;35.2;138;4;W;S;4.1, 138.7
2021-07-29T15:19:57+02:00;3.7;0.13;14;26.4;98;42;E;N;42.4, 98.4
2021-07-07T15:41:14+02:00;3.3;0.11;;;;;;;
2021-07-05T05:46:24+02:00;74.0;1.8;15;43.4;164;44;W;N;44.3, 164.2
2021-05-16T17:51:08+02:00;3.8;0.13;;37.0;171;52;W;S;52.1, 171.2
2021-04-02T17:52:58+02:00;13.7;0.4;;40.0;106;71;E;N;71.2, 106.7
2021-02-10T00:27:29+01:00;3.0;0.1;;31.0;92;75;W;N;75.8, 92.8
2021-01-31T03:59:39+01:00;26.7;0.72;;39.4;115;5;E;N;5.3, 115.2
2021-01-25T04:01:37+01:00;7.5;0.23;;19.1;47;38;W;N;38.5, 47.6
2020-12-29T21:32:22+01:00;4.9;0.16;;33.0;158;14;W;N;14.9, 158.2
2020-10-23T22:51:39+02:00;8.0;0.25;;48.0;71;30;W;N;30.0, 71.9
2020-10-22T19:39:33+02:00;4.4;0.15;17;40.0;133;22;W;N;22.0, 133.5
2020-10-19T09:05:47+02:00;2.1;0.076;;40.7;93;48;E;N;48.6, 93.9
2020-10-18T12:52:43+02:00;3.6;0.12;16;36.0;135;11;W;S;11.4, 135.8
2020-09-18T10:05:27+02:00;4.1;0.14;11;46.0;169;2;W;N;2.4, 169.7
2020-08-30T18:08:22+02:00;6.4;0.2;23;27.8;133;26;E;N;26.0, 133.5
2020-05-27T19:30:18+02:00;5.7;0.18;14;29.3;41;40;E;N;40.8, 41.7
2020-05-09T04:56:11+02:00;4.1;0.14;14;31.2;131;44;W;N;44.8, 131.0
2020-04-28T07:43:17+02:00;2.1;0.076;;;109;20;W;N;20.1, 109.4
2020-04-18T15:08:38+02:00;2.7;0.095;;;49;12;W;N;12.5, 49.8
2020-03-23T17:51:51+01:00;13.3;0.39;;25.0;67;24;W;S;24.4, 67.9
2020-03-04T21:25:59+01:00;39.4;1.0;19;24.3;90;53;E;S;53.3, 90.8
2020-01-21T21:07:44+01:00;2.8;0.098;27;43.3;34;33;E;N;33.1, 34.3
2019-12-11T02:19:11+01:00;3.9;0.13;17;37.0;161;47;E;N;47.7, 161.7
2019-12-06T11:19:57+01:00;4.6;0.15;;19.5;37;3;W;S;3.3, 37.7
2019-09-14T14:39:34+02:00;10.9;0.33;15;38.0;33;38;W;S;38.6, 33.5
2019-07-23T22:42:58+02:00;25.5;0.69;16;30.6;147;44;W;N;44.6, 147.6
2019-04-14T19:54:33+02:00;2.9;0.1;15;30.6;74;18;W;N;18.3, 74.6
2019-01-29T21:47:20+01:00;2.5;0.089;;;;;;;
2018-12-19T00:48:20+01:00;3133.0;49.0;13;26.0;172;56;E;N;56.9, 172.4
2018-11-15T09:02:44+01:00;2.0;0.073;;;57;42;W;N;42.0, 57.0
2018-09-25T02:16:59+02:00;5.3;0.17;12;40.7;44;34;E;S;34.3, 44.9
2018-08-21T14:26:14+02:00;2.2;0.079;;37.0;162;39;W;S;39.2, 162.9
2018-07-25T23:55:26+02:00;87.7;2.1;24;43.3;69;76;W;N;76.9, 69.0
2018-06-21T03:16:20+02:00;122.4;2.8;14;27.2;38;52;E;N;52.8, 38.1
2018-02-15T14:38:22+01:00;2.7;0.095;;50.7;1;43;W;S;43.8, 1.1
2018-01-22T23:06:30+01:00;3.2;0.11;;;17;14;W;N;14.0, 17.4
2018-01-15T03:18:38+01:00;19.9;0.56;23;43.6;57;52;E;S;52.0, 57.2
2017-12-29T13:47:31+01:00;11.0;0.33;;38.0;49;14;W;N;14.6, 49.5
2017-12-15T14:14:37+01:00;311.4;6.4;31;20.0;170;60;E;N;60.2, 170.0
2017-11-19T05:17:32+01:00;2.8;0.098;11;33.3;135;24;E;S;24.2, 135.0
2017-10-23T17:31:23+02:00;2.4;0.086;16;35.4;44;28;E;N;28.8, 44.6
2017-10-04T14:07:05+02:00;19.2;0.54;14;37.0;99;28;E;N;28.1, 99.4
2017-06-20T15:41:32+02:00;63.6;1.6;13;33.3;133;54;E;S;54.2, 133.0
2017-03-08T23:21:59+01:00;7.2;0.23;;37.0;174;26;E;S;26.1, 174.9
2017-02-18T20:48:29+01:00;29.5;0.79;24;38.0;60;6;E;N;6.2, 60.4
2017-02-07T18:37:31+01:00;2.0;0.073;;54.0;14;27;W;S;27.4, 14.8
2016-12-07T05:51:39+01:00;11.7;0.35;;;126;34;W;S;34.5, 126.6
2016-11-29T09:05:38+01:00;3.1;0.11;;;93;30;W;S;30.6, 93.1
2016-08-27T23:45:13+02:00;14.2;0.41;;42.0;162;56;E;S;56.9, 162.2
2016-07-21T02:48:53+02:00;4.5;0.15;;37.0;1;7;W;N;7.8, 1.6
2016-07-05T03:24:26+02:00;15.3;0.44;25;38.2;48;1;E;N;1.0, 48.6
2016-06-27T12:02:42+02:00;45.8;1.2;29;33.3;11;15;W;N;15.8, 11.9
2016-04-12T11:51:40+02:00;2.0;0.073;;;162;38;E;N;38.3, 162.2
2016-03-03T02:32:43+01:00;5.8;0.19;11;31.8;51;48;E;S;48.0, 51.0
2016-01-27T10:59:16+01:00;5.0;0.16;11;37.0;53;45;E;S;45.8, 53.6
2015-12-30T14:07:50+01:00;2.2;0.079;;39.0;160;33;W;N;33.8, 160.7
2015-12-08T01:34:23+01:00;19.7;0.55;;38.0;150;69;E;S;69.9, 150.5
2015-11-13T15:59:27+01:00;10.2;0.31;;28.0;124;16;E;N;16.0, 124.3
2015-10-13T14:23:08+02:00;2.3;0.082;12;38.9;52;8;W;S;8.0, 52.5
2015-10-11T02:07:46+02:00;3.0;0.1;;;18;55;W;S;55.4, 18.8
2015-10-04T23:02:17+02:00;4.4;0.15;;36.1;171;22;W;N;22.0, 171.6
2015-08-04T12:24:59+02:00;2.9;0.1;;;125;9;E;S;9.6, 125.9
2015-06-10T19:43:03+02:00;38.4;1.0;;61.1;161;11;W;S;11.5, 161.9
2015-06-02T10:44:50+02:00;38.0;0.99;;;142;6;W;S;6.4, 142.7
2015-05-10T09:45:01+02:00;14.3;0.42;12;29.6;179;46;W;S;46.3, 179.3
2015-04-03T03:39:38+02:00;4.2;0.14;;;157;8;W;N;8.4, 157.9
2015-03-08T05:26:28+01:00;2.0;0.073;;;118;39;W;S;39.1, 118.6
2015-02-26T23:06:24+01:00;18.8;0.53;21;33.7;149;68;W;N;68.0, 149.0
2015-02-25T11:53:24+01:00;5.8;0.19;;42.0;122;12;W;N;12.4, 122.4
2015-01-07T02:05:59+01:00;13.6;0.4;35;45.5;26;45;E;N;45.7, 26.9
2015-01-02T14:39:19+01:00;2.0;0.073;18;38.1;140;31;E;S;31.1, 140.0
2014-11-27T13:12:52+01:00;5.5;0.18;;38.0;73;18;W;S;18.8, 73.4
2014-11-27T00:16:51+01:00;11.8;0.35;25;23.3;179;69;W;S;69.5, 179.7
2014-10-17T16:07:36+02:00;7.2;0.23;;39.0;66;4;W;S;4.6, 66.3
2014-08-30T01:15:39+02:00;2.6;0.092;;;49;6;W;S;6.2, 49.9
2014-08-28T05:07:45+02:00;3.4;0.12;;;45;3;W;N;3.2, 45.4
2014-05-16T22:06:28+02:00;13.6;0.4;18;30.8;95;39;W;S;39.4, 95.9
2014-03-29T14:45:41+01:00;3.9;0.13;16;30.7;121;28;E;S;28.7, 121.5
2014-03-18T12:02:37+01:00;54.0;1.3;;30.5;111;0;W;N;0.0, 111.8
2014-02-13T07:47:42+01:00;63.0;1.5;;25.0;110;13;W;N;13.3, 110.7
2014-01-15T03:46:19+01:00;14.0;0.41;;29.6;141;18;E;S;18.5, 141.8
2014-01-08T18:05:34+01:00;3.1;0.11;44;18.7;147;1;E;S;1.3, 147.6
2013-12-23T09:30:57+01:00;14.7;0.43;15;34.3;2;39;E;N;39.5, 2.0
2013-11-21T02:50:35+01:00;7.5;0.23;12;59.3;35;44;E;N;44.7, 35.3
2013-07-31T05:50:14+02:00;6.9;0.22;17;29.1;137;31;E;S;31.8, 137.1
2013-07-27T10:30:36+02:00;12.0;0.36;22;26.5;156;0;E;N;0.3, 156.2
2013-04-21T08:23:12+02:00;106.6;2.5;14;40.7;64;28;W;S;28.1, 64.6
2013-02-15T04:20:33+01:00;37500.0;440.0;18;23.3;61;54;E;N;54.8, 61.1
2012-12-18T12:19:17+01:00;2.7;0.095;;;;;;;
2012-11-20T07:25:11+01:00;12.0;0.36;;;86;8;W;S;8.0, 86.0
2012-10-19T18:26:22+02:00;2.3;0.082;13;29.3;49;75;E;S;75.4, 49.6
2012-10-04T00:50:12+02:00;28.0;0.75;17;;21;41;W;S;41.5, 21.9
2012-09-18T21:34:39+02:00;24.4;0.67;18;28.1;52;1;W;N;1.2, 52.2
2012-08-13T07:31:53+02:00;3.3;0.11;;;;;;;
2012-05-04T23:54:49+02:00;22.9;0.63;;;10;76;W;N;76.7, 10.6
2012-04-24T00:01:10+02:00;4.4;0.15;;25.2;107;36;E;N;36.2, 107.4
2012-04-02T18:50:33+02:00;3.2;0.11;;;95;28;W;N;28.1, 95.2
2012-03-03T22:28:24+01:00;10.1;0.31;;20.4;2;7;E;N;7.8, 2.7
2012-02-16T05:50:52+01:00;9.8;0.3;;;151;9;E;N;9.8, 151.8
2012-01-11T03:23:15+01:00;8.5;0.26;;;88;32;E;N;32.2, 88.5
2011-12-19T12:35:39+01:00;13.5;0.4;;36.1;52;30;E;S;30.2, 52.6
2011-12-14T06:01:38+01:00;5.0;0.16;;32.4;89;62;E;S;62.9, 89.6
2011-08-18T16:55:45+02:00;2.3;0.082;;;;;;;
2011-06-16T13:51:50+02:00;2.4;0.086;;40.5;21;67;W;N;67.3, 21.4
2011-05-25T07:40:02+02:00;228.0;4.8;11;59.0;14;4;E;N;4.1, 14.0
2011-03-23T05:24:46+01:00;3.1;0.11;;;;;;;
2011-03-23T05:16:32+01:00;2.2;0.079;;;85;16;W;S;16.8, 85.6
2011-02-12T12:00:12+01:00;2.0;0.073;;;95;7;W;N;7.8, 95.3
2011-01-08T20:38:44+01:00;2.9;0.1;;48.0;125;33;W;N;33.3, 125.8
2010-12-26T00:24:00+01:00;2000.0;33.0;18;26.0;158;38;E;N;38.0, 158.0
2010-12-14T01:27:53+01:00;3.9;0.13;;24.0;175;4;E;S;4.9, 175.5
2010-12-01T07:31:46+01:00;13.3;0.39;;33.3;144;72;E;S;72.5, 144.9
2010-11-21T15:45:27+01:00;8.1;0.25;;50.0;143;1;E;N;1.9, 143.3
2010-11-10T09:26:35+01:00;6.8;0.22;;;77;74;W;N;74.5, 77.7
2010-08-17T06:19:37+02:00;2.1;0.076;;33.3;114;20;W;N;20.7, 114.3
2010-08-12T04:59:36+02:00;2.8;0.098;;;;;;;
2010-06-26T08:04:38+02:00;11.3;0.34;;50.0;133;0;E;S;0.5, 133.2
2010-06-17T06:24:45+02:00;11.9;0.35;;42.0;100;26;E;S;26.1, 100.0
2010-03-18T17:11:16+01:00;17.5;0.5;;;51;32;W;S;32.4, 51.8
2010-02-28T23:24:50+01:00;15.3;0.44;15;37.0;21;48;E;N;48.7, 21.0
2009-12-31T17:24:23+01:00;8.3;0.26;;;;;;;
2009-11-25T02:36:20+01:00;6.4;0.2;;;136;52;E;S;52.8, 136.5
2009-11-18T18:36:07+01:00;8.5;0.26;;;;;;;
2009-11-14T20:58:55+01:00;2.3;0.082;;;;;;;
2009-09-28T00:22:48+02:00;8.9;0.27;;37.0;67;36;W;S;36.0, 67.6
2009-09-04T04:23:18+02:00;96.5;2.3;24;28.3;110;42;E;N;42.5, 110.0
2009-08-23T23:17:19+02:00;28.0;0.75;12;34.0;18;67;E;S;67.7, 18.3
2009-07-31T04:13:19+02:00;2.5;0.089;;;121;8;W;N;8.9, 121.9
2009-06-27T15:08:05+02:00;3.2;0.11;15;26.1;12;26;W;S;26.6, 12.6
2009-06-20T13:04:41+02:00;2.7;0.095;;;;;;;
2009-05-31T08:05:47+02:00;14.3;0.42;;;121;19;W;N;19.7, 121.0
2009-05-04T13:39:03+02:00;14.0;0.41;;40.7;160;36;W;N;36.4, 160.4
2009-04-10T20:42:45+02:00;27.0;0.73;19;32.4;25;44;E;S;44.7, 25.7
2009-03-04T01:38:05+01:00;17.0;0.48;;;;;;;
2009-01-10T08:42:39+01:00;2.3;0.082;;26.5;122;64;E;S;64.0, 122.8
2008-12-24T16:51:58+01:00;3.5;0.12;24;21.1;102;68;W;S;68.9, 102.0
2008-11-21T01:26:44+01:00;14.2;0.41;12;28.2;109;53;W;N;53.1, 109.9
2008-11-09T03:38:34+01:00;22.2;0.61;;29.6;112;14;E;N;14.5, 112.7
2008-10-21T04:20:25+02:00;4.6;0.15;11;29.6;165;32;W;N;32.8, 165.6
2008-10-07T04:45:45+02:00;39.5;1.0;13;38.9;31;20;E;N;20.9, 31.4
2008-08-16T16:40:24+02:00;13.1;0.38;;;97;11;E;N;11.3, 97.2
2008-07-23T16:45:25+02:00;12.1;0.36;14;31.5;68;38;E;N;38.6, 68.0
2008-07-11T16:35:28+02:00;5.2;0.17;;;;;;;
2008-07-01T19:40:19+02:00;3.6;0.12;9;36.1;115;37;W;N;37.1, 115.7
2008-04-07T03:22:28+02:00;2.1;0.076;;;58;31;W;S;31.8, 58.5
2008-04-06T18:03:34+02:00;7.7;0.24;;;;;;;
2008-02-17T13:19:16+01:00;11.0;0.33;13;40.4;73;74;W;N;74.9, 73.4
2007-10-12T11:14:03+02:00;3.3;0.11;18;37.0;116;88;E;N;88.5, 116.6
2007-10-07T15:31:01+02:00;5.8;0.19;;;125;35;E;S;35.2, 125.6
2007-09-22T19:57:12+02:00;23.7;0.65;16;30.2;85;49;W;S;49.2, 85.5
2007-06-11T11:47:05+02:00;4.9;0.16;17;35.2;170;23;W;S;23.4, 170.9
2007-03-07T16:16:49+01:00;2.7;0.095;;;;;;;
2006-12-01T07:09:25+01:00;6.3;0.2;;;30;13;E;S;13.0, 30.7
2006-10-24T10:42:52+02:00;22.5;0.62;;43.0;2;1;W;S;1.9, 2.7
2006-10-14T20:10:49+02:00;25.8;0.7;23;44.4;175;49;W;N;49.4, 175.0
2006-08-18T02:03:18+02:00;3.2;0.11;;47.2;33;43;E;S;43.0, 33.4
2006-08-17T12:43:34+02:00;25.6;0.7;;48.2;165;11;E;S;11.0, 165.7
2006-07-15T17:22:49+02:00;16.3;0.47;30;38.9;45;31;E;N;31.1, 45.6
2006-06-07T02:06:28+02:00;5.9;0.19;19;40.7;22;69;E;N;69.2, 22.5
2006-05-07T19:45:14+02:00;3.0;0.1;;;;;;;
2006-03-14T04:21:06+01:00;14.4;0.42;;35.2;64;7;W;N;7.0, 64.6
2006-02-26T08:30:06+01:00;7.0;0.22;;;;;;;
2006-01-28T04:33:48+01:00;74.0;1.8;18;37.0;56;51;E;S;51.7, 56.4
2006-01-27T02:27:42+01:00;4.5;0.15;;20.0;74;58;E;N;58.7, 74.7
2006-01-26T01:00:53+01:00;5.3;0.17;;37.0;111;79;W;S;79.8, 111.0
2006-01-11T00:25:28+01:00;2.8;0.098;16;32.4;12;29;W;N;29.8, 12.7
2005-12-03T13:45:49+01:00;8.8;0.27;17;32.2;117;33;E;S;33.8, 117.4
2005-11-15T06:19:07+01:00;2.5;0.089;;32.4;113;26;W;N;26.3, 113.4
2005-11-09T08:33:08+01:00;7.3;0.23;13;30.7;145;31;E;S;31.0, 145.9
2005-09-30T21:04:06+02:00;2.2;0.079;;53.0;84;2;W;S;2.8, 84.1
2005-08-09T16:35:45+02:00;2.5;0.089;16;37.0;56;21;E;S;21.5, 56.2
2005-07-02T00:36:15+02:00;3.1;0.11;;50.0;33;49;E;S;49.8, 33.1
2005-06-18T21:40:41+02:00;2.3;0.082;;;85;47;E;N;47.9, 85.6
2005-06-05T03:56:09+02:00;4.1;0.14;;;90;34;E;N;34.8, 90.9
2005-04-19T09:37:47+02:00;23.2;0.64;16;38.5;146;50;W;S;50.2, 146.4
2005-04-16T12:40:38+02:00;2.0;0.073;;;;;;;
2005-04-03T00:52:25+02:00;20.4;0.57;;27.2;169;14;E;N;14.1, 169.7
2005-03-12T23:16:31+01:00;2.2;0.079;;;;;;;
2005-03-09T13:49:08+01:00;4.0;0.13;;30.7;142;14;E;N;14.3, 142.7
2005-03-06T18:32:51+01:00;5.5;0.18;;;;;;;
2005-02-22T23:51:06+01:00;4.1;0.14;;;;;;;
2005-01-03T00:09:51+01:00;11.9;0.35;21;35.2;154;21;E;S;21.3, 154.7
2004-12-29T08:11:45+01:00;9.0;0.28;;;171;8;E;S;8.5, 171.8
2004-12-13T12:35:55+01:00;3.9;0.13;;;155;9;E;S;9.7, 155.3
2004-12-11T16:36:51+01:00;3.0;0.1;;;104;36;E;N;36.0, 104.1
2004-09-28T10:57:28+02:00;6.2;0.2;;;101;0;W;N;0.2, 101.1
2004-07-25T07:29:13+02:00;19.7;0.55;;;;;;;
2004-06-03T11:40:12+02:00;5.4;0.18;;;120;48;W;N;48.9, 120.4
2004-05-17T04:08:27+02:00;5.5;0.18;;44.0;28;18;E;S;18.9, 28.3
2004-04-22T23:19:55+02:00;13.9;0.41;;;55;15;E;S;15.2, 55.1
2004-04-22T06:21:49+02:00;62.4;1.5;16;29.6;83;44;E;S;44.3, 83.3
2004-02-27T02:18:54+01:00;6.0;0.19;;;;;;;
2003-11-10T14:54:06+01:00;51.8;1.3;20;23.0;136;64;E;S;64.5, 136.2
2003-10-16T02:47:28+02:00;28.5;0.77;;;;;;;
2003-10-07T02:23:56+02:00;3.7;0.13;;;;;;;
2003-09-20T21:04:01+02:00;3.0;0.1;;;;;;;
2003-08-27T00:08:45+02:00;7.2;0.23;;;;;;;
2003-08-17T15:16:07+02:00;64.7;1.6;;;34;39;E;S;39.0, 34.0
2003-08-01T06:09:32+02:00;2.1;0.076;;;;;;;
2003-06-21T16:49:57+02:00;3.8;0.13;;;;;;;
2003-06-16T19:17:19+02:00;6.5;0.21;;;;;;;
2003-05-18T09:51:40+02:00;2.1;0.076;;;;;;;
2003-04-28T15:06:46+02:00;2.3;0.082;;;;;;;
2003-04-13T19:58:41+02:00;17.5;0.5;;17.0;64;14;E;N;14.8, 64.5
2003-04-07T11:25:28+02:00;2.2;0.079;;;162;18;E;S;18.4, 162.6
2003-02-26T00:13:28+01:00;3.3;0.11;;;116;40;E;N;40.0, 116.0
2003-02-12T03:37:54+01:00;12.0;0.36;;;107;31;E;S;31.5, 107.5
2003-02-05T07:16:27+01:00;10.3;0.31;;;;;;;
2002-11-28T16:41:53+01:00;4.6;0.15;;;;;;;
2002-11-12T22:49:56+01:00;4.3;0.14;;;6;21;W;S;21.1, 6.8
2002-09-24T18:48:57+02:00;86.0;2.0;;;112;57;E;N;57.9, 112.9
2002-08-11T22:42:53+02:00;151.0;3.3;;;159;18;E;S;18.2, 159.4
2002-08-10T20:01:51+02:00;2.5;0.089;;;;;;;
2002-06-13T17:29:38+02:00;19.1;0.54;;;111;24;E;S;24.9, 111.4
2002-06-02T06:28:20+02:00;450.0;8.8;;;21;34;E;N;34.0, 21.0
2002-04-02T04:36:28+02:00;3.2;0.11;;;;;;;
2002-03-19T06:56:10+01:00;8.3;0.26;;;;;;;
2002-03-01T04:53:59+01:00;3.8;0.13;;;66;29;W;N;29.2, 66.8
2002-02-09T20:50:26+01:00;7.0;0.22;;;138;17;E;S;17.7, 138.7
2002-01-20T17:42:04+01:00;10.4;0.31;;;165;48;W;N;48.4, 165.0
2001-11-26T07:51:52+01:00;19.2;0.54;;;;;;;
2001-11-11T13:14:02+01:00;13.0;0.38;;;;;;;
2001-10-27T21:20:12+02:00;3.6;0.12;;;3;52;E;N;52.7, 3.8
2001-04-27T11:46:18+02:00;13.0;0.38;;;;;;;
2001-04-23T08:12:35+02:00;460.0;9.0;;29.0;133;28;W;N;28.0, 133.6
2001-02-09T22:27:55+01:00;10.8;0.32;;;;;;;
2000-12-15T04:46:27+01:00;2.7;0.095;;;58;50;E;N;50.4, 58.9
2000-11-28T13:20:13+01:00;11.9;0.35;;;;;;;
2000-11-06T08:18:57+01:00;6.9;0.22;;;22;52;W;S;52.0, 22.2
2000-09-23T06:00:45+02:00;2.2;0.079;;;142;58;E;S;58.5, 142.6
2000-08-25T03:12:25+02:00;138.5;3.1;;;106;14;W;N;14.5, 106.1
2000-08-13T05:00:32+02:00;6.5;0.21;;;127;36;W;N;36.7, 127.8
2000-08-01T18:48:27+02:00;18.2;0.51;;;101;50;W;S;50.2, 101.9
2000-07-19T19:40:25+02:00;10.7;0.32;;;94;17;E;S;17.7, 94.1
2000-07-07T03:34:20+02:00;6.5;0.21;;;140;15;E;N;15.0, 140.7
2000-06-27T12:06:51+02:00;2.7;0.095;;;36;34;E;N;34.9, 36.8
2000-06-18T15:40:02+02:00;13.3;0.39;;;;;;;
2000-06-02T20:44:16+02:00;3.0;0.1;;;18;27;W;S;27.5, 18.9
2000-05-06T13:51:52+02:00;2.8;0.098;;;18;49;E;N;49.9, 18.4
2000-03-19T06:11:50+01:00;4.9;0.16;;;;;;;
2000-02-17T15:22:07+01:00;2.2;0.079;;;115;14;E;N;14.2, 115.9
2000-01-18T17:43:42+01:00;105.0;2.4;;;134;60;W;N;60.3, 134.6
2000-01-18T09:33:58+01:00;3.5;0.12;;;94;24;W;N;24.3, 94.9
1999-12-16T01:07:22+01:00;6.7;0.21;;;11;26;W;S;26.5, 11.3
1999-11-15T21:01:28+01:00;7.4;0.23;;;75;8;E;S;8.1, 75.4
1999-09-09T01:55:35+02:00;2.8;0.098;;;0;22;E;N;22.4, 0.2
1999-09-08T16:41:53+02:00;9.0;0.28;;32.0;104;32;E;N;32.5, 104.6
1999-08-03T20:25:49+02:00;35.6;0.93;;;18;64;W;S;64.7, 18.8
1999-07-10T10:11:42+02:00;32.6;0.86;;52.0;39;37;E;S;37.8, 39.6
1999-07-07T06:14:41+02:00;14.0;0.41;;;174;39;E;S;39.5, 174.4
1999-04-01T01:54:35+02:00;23.4;0.64;;;22;17;E;S;17.9, 22.6
1999-03-02T23:23:25+01:00;5.9;0.19;;;50;18;E;N;18.9, 50.5
1999-01-12T20:24:52+01:00;4.3;0.14;;;;;;;
1999-01-11T06:18:17+01:00;2.4;0.086;;;;;;;
1999-01-02T19:25:51+01:00;3.5;0.12;;65.0;103;47;E;N;47.0, 103.0
1998-11-11T17:46:18+01:00;65.6;1.6;;;156;6;E;N;6.5, 156.4
1998-03-22T23:25:37+01:00;14.0;0.41;;;26;1;E;N;1.4, 26.6
1998-01-05T00:00:27+01:00;7.4;0.23;17;30.0;33;35;E;S;35.1, 33.4
1997-12-28T04:58:18+01:00;3.1;0.11;;;152;23;E;S;23.1, 152.4
1997-09-05T13:41:54+02:00;19.0;0.53;;;56;31;E;S;31.1, 56.4
1997-02-19T05:31:35+01:00;14.0;0.41;;;87;16;W;S;16.3, 87.7
1997-02-15T16:23:35+01:00;15.0;0.43;;;115;35;E;N;35.5, 115.6
1997-01-03T16:08:07+01:00;35.0;0.92;;;;;;;
1996-12-01T14:19:35+01:00;6.2;0.2;;;;;;;
1996-10-30T13:48:19+01:00;2.1;0.076;;;123;2;W;S;2.1, 123.1
1996-10-05T21:21:02+02:00;25.0;0.68;;;145;49;E;S;49.6, 145.9
1996-08-17T17:46:08+02:00;3.4;0.12;;;;;;;
1996-08-09T20:14:56+02:00;3.0;0.1;;;;;;;
1996-08-06T06:50:32+02:00;13.0;0.38;;;;;;;
1996-08-05T21:27:52+02:00;22.0;0.61;;;;;;;
1996-08-05T17:19:30+02:00;8.0;0.25;;;;;;;
1996-03-29T21:30:54+01:00;12.8;0.38;;;158;21;W;N;21.5, 158.1
1996-03-25T18:00:41+01:00;4.4;0.15;;;;;;;
1996-01-15T14:44:23+01:00;26.0;0.71;;;175;59;E;S;59.8, 175.8
1995-09-09T09:38:38+02:00;50.0;1.3;;;;;;;
1995-08-24T23:54:35+02:00;12.0;0.36;;;;;;;
1995-07-11T20:38:41+02:00;13.0;0.38;;;93;28;E;S;28.5, 93.3
1995-07-07T19:33:37+02:00;14.0;0.41;;;76;40;W;N;40.2, 76.1
1995-01-02T21:41:38+01:00;3.0;0.1;;;;;;;
1994-12-16T10:41:03+01:00;5.0;0.16;;;27;42;E;S;42.2, 27.6
1994-11-01T07:50:46+01:00;100.0;2.3;;;84;1;W;S;1.5, 84.5
1994-10-27T05:21:29+01:00;32.0;0.85;;;;;;;
1994-10-20T01:11:21+01:00;8.7;0.27;;;1;45;W;S;45.2, 1.9
1991-10-04T10:22:47+01:00;55.0;1.4;;;6;78;E;N;78.7, 6.3
1990-10-01T04:51:47+01:00;250.0;5.2;;;142;7;E;N;7.5, 142.8
2024-06-18T15:51:19+02:00;49.1;1.2;35;44.3;173;44;E;N;44.3, 173.2
2024-06-03T03:13:51+02:00;2.6;0.092;;60.0;53;63;W;S;63.1, 53.2
2024-05-27T05:19:36+02:00;8.4;0.26;39;56.0;39;1;W;N;1.7, 39.4
2024-05-19T00:46:50+02:00;3.7;0.13;40;74.3;8;41;W;N;41.0, 8.8
2024-05-15T14:48:28+02:00;2.8;0.098;;64.2;54;49;W;N;49.8, 54.1
2024-04-09T06:47:44+02:00;3.3;0.11;;36.3;37;36;W;N;36.5, 37.8
2024-02-26T12:21:01+01:00;3.7;0.13;31;33.1;57;22;E;N;22.9, 57.1
2023-12-30T22:04:34+01:00;21.7;0.6;28;37.0;79;63;E;S;63.4, 79.9
2023-10-23T04:51:27+02:00;5.4;0.18;;39.0;75;49;E;S;49.6, 75.4
2023-10-16T19:14:52+02:00;3.0;0.1;19;35.3;65;6;W;S;6.5, 65.4
2023-09-07T17:34:46+02:00;2.1;0.076;;;150;27;E;N;27.0, 150.8
2023-09-03T06:28:01+02:00;2.3;0.082;;37.0;102;43;E;S;43.2, 102.2
2023-07-26T05:41:54+02:00;15.1;0.44;15;36.1;103;18;W;N;18.9, 103.4
2023-04-26T15:14:59+02:00;2.4;0.086;16;29.6;10;47;W;N;47.0, 10.7
2023-03-11T09:21:28+01:00;44.4;1.1;;32.0;79;74;E;S;74.7, 79.5
2023-02-19T07:15:34+01:00;20.3;0.57;23;37.0;109;7;E;N;7.9, 109.9
2023-02-14T23:55:25+01:00;18.4;0.52;15;32.3;53;48;W;S;48.0, 53.3
2023-02-02T21:49:22+01:00;3.0;0.1;;33.0;143;26;W;S;26.2, 143.1
2023-01-12T00:59:50+01:00;4.6;0.15;17;33.5;18;31;E;N;31.5, 18.6
2023-01-09T02:17:14+01:00;9.0;0.28;16;27.0;135;45;E;S;45.7, 135.0
2022-10-28T19:40:11+02:00;4.7;0.16;;45.0;118;7;W;N;7.1, 118.9
2022-10-20T22:55:07+02:00;4.7;0.16;;65.6;165;26;E;N;26.6, 165.1
2022-08-14T09:39:18+02:00;46.8;1.2;;55.5;78;35;E;S;35.0, 78.4
2022-07-27T06:41:30+02:00;52.4;1.3;19;38.1;2;44;W;S;44.8, 2.9
2022-07-20T12:56:53+02:00;8.6;0.27;16;32.2;59;43;W;S;43.0, 59.6
2022-06-30T06:02:57+02:00;9.1;0.28;;56.0;12;31;W;S;31.9, 12.9
2022-06-14T15:12:28+02:00;9.1;0.28;;61.0;39;4;W;N;4.6, 39.1
2022-04-22T00:15:28+02:00;3.9;0.13;12;28.4;68;55;W;S;55.5, 68.9
2022-03-28T12:20:24+02:00;37.8;0.98;19;29.0;74;7;E;S;7.7, 74.3
2022-03-06T16:06:15+01:00;2.0;0.073;;;99;4;W;S;4.1, 99.5
2022-02-07T21:06:26+01:00;348.0;7.0;13;26.5;11;28;E;S;28.7, 11.4
2022-02-03T20:50:40+01:00;15.2;0.44;22;36.0;142;13;E;S;13.3, 142.2
2021-12-29T04:15:35+01:00;2.0;0.073;22;44.0;115;69;E;S;69.7, 115.0
2021-11-17T16:53:21+01:00;2.4;0.086;23;35.0;119;6;E;S;6.8, 119.1
2021-10-20T02:43:57+02:00;2.0;0.073;27;31.4;154;59;E;N;59.0, 154.3
2021-09-29T12:50:59+02:00;13.7;0.4;21;28.0;148;53;W;N;53.9, 148.0
2021-06-09T07:43:59+02:00;2.3;0.082;;;55;17;W;S;17.9, 55.3
2021-04-13T04:16:47+02:00;2.1;0.076;14;44.4;79;26;W;N;26.8, 79.1
2021-03-06T09:43:06+01:00;14.1;0.41;;31.1;90;48;E;S;48.6, 90.4
2021-01-29T17:12:47+01:00;7.7;0.24;;30.0;51;38;W;N;38.8, 51.3
2021-01-24T08:33:43+01:00;6.1;0.2;;37.5;95;45;E;S;45.0, 95.5
2020-12-23T00:23:33+01:00;489.8;9.5;13;35.5;96;31;E;N;31.9, 96.2
2020-11-25T13:20:50+01:00;2.1;0.076;;;81;30;W;S;30.5, 81.0
2020-11-07T22:27:04+01:00;11.1;0.33;16;22.3;16;59;E;N;59.8, 16.8
2020-10-26T16:09:10+01:00;11.4;0.34;17;28.5;160;5;E;S;5.9, 160.4
2020-10-21T20:57:33+02:00;2.2;0.079;;;150;12;W;N;12.9, 150.2
2020-08-02T18:36:25+02:00;7.4;0.23;11;38.0;34;35;W;S;35.1, 34.2
2020-07-22T04:55:40+02:00;2.2;0.079;;36.0;103;20;W;S;20.0, 103.8
2020-07-20T23:25:09+02:00;5.0;0.16;14;31.6;11;51;W;S;51.8, 11.2
2020-07-12T09:50:32+02:00;7.5;0.23;18;29.4;74;48;E;S;48.7, 74.0
2020-05-18T03:11:09+02:00;16.2;0.46;;25.0;77;38;E;S;38.7, 77.2
2020-03-22T07:44:29+01:00;2.5;0.089;;;;;;;
2020-02-11T00:48:17+01:00;2.7;0.095;31;41.7;76;28;E;N;28.2, 76.7
2020-01-27T06:39:15+01:00;4.4;0.15;19;32.5;1;30;E;N;30.4, 1.5
2020-01-17T22:29:49+01:00;9.7;0.29;15;14.5;66;19;W;N;19.4, 66.0
2020-01-15T07:31:39+01:00;19.6;0.55;;31.5;125;23;W;S;23.7, 125.2
2020-01-06T12:03:50+01:00;4.5;0.15;;;17;70;W;S;70.4, 17.5
2019-12-21T15:30:52+01:00;6.5;0.21;22;35.5;147;56;W;N;56.5, 147.6
2019-11-05T12:24:51+01:00;11.0;0.33;27;38.0;143;10;W;S;10.4, 143.3
2019-10-23T00:21:15+02:00;2.7;0.095;;40.7;76;12;W;N;12.0, 76.0
2019-10-10T18:16:36+02:00;20.6;0.57;14;47.3;122;44;E;N;44.3, 122.9
2019-09-13T04:02:04+02:00;4.2;0.14;13;27.4;126;18;E;S;18.6, 126.9
2019-09-12T04:34:58+02:00;5.9;0.19;17;30.6;47;24;W;N;24.9, 47.8
2019-08-16T22:36:05+02:00;2.5;0.089;14;36.0;7;38;E;N;38.9, 7.0
2019-06-30T18:52:58+02:00;3.2;0.11;42;59.0;129;21;W;N;21.2, 129.5
2019-06-22T23:25:48+02:00;294.7;6.0;14;25.0;66;14;W;N;14.9, 66.2
2019-06-20T08:07:32+02:00;2.8;0.098;;37.0;67;7;W;N;7.3, 67.6
2019-05-26T12:07:55+02:00;4.2;0.14;17;24.4;25;56;W;N;56.6, 25.3
2019-05-25T08:44:04+02:00;4.9;0.16;15;29.2;89;19;E;S;19.2, 89.4
2019-05-21T15:21:35+02:00;65.6;1.6;11;31.5;137;38;E;S;38.8, 137.5
2019-05-19T16:47:03+02:00;3.3;0.11;15;33.3;132;23;E;S;23.6, 132.8
2019-03-19T03:06:39+01:00;2.0;0.073;16;28.7;140;24;E;S;24.0, 140.3
2019-03-15T13:26:56+01:00;4.6;0.15;14;31.5;95;63;E;N;63.7, 95.7
2019-02-18T11:00:43+01:00;195.8;4.2;20;26.0;25;15;E;S;15.5, 25.3
2019-02-01T19:17:10+01:00;57.9;1.4;16;23.7;83;22;W;N;22.5, 83.8
2019-01-22T10:18:01+01:00;3.6;0.12;11;42.5;6;18;E;N;18.0, 6.5
2018-12-24T00:38:03+01:00;8.9;0.27;16;31.8;174;47;W;S;47.5, 174.4
2018-11-20T18:30:28+01:00;42.2;1.1;17;27.4;6;25;W;N;25.3, 6.7
2018-11-17T22:48:24+01:00;22.0;0.61;19;32.5;172;47;W;N;47.3, 172.9
2018-10-05T02:27:04+02:00;3.8;0.13;14;31.5;31;39;W;S;39.8, 31.7
2018-09-25T16:10:33+02:00;80.6;1.9;16;33.0;56;23;E;S;23.5, 56.8
2018-07-27T11:35:14+02:00;10.5;0.32;;32.0;105;58;E;S;58.8, 105.8
2018-07-17T17:17:37+02:00;21.1;0.59;;;136;82;W;N;82.5, 136.7
2018-06-26T19:51:53+02:00;2.9;0.1;14;63.0;12;32;E;N;32.0, 12.1
2018-05-12T05:26:46+02:00;19.3;0.54;;34.0;173;6;E;S;6.5, 173.7
2018-05-08T04:27:13+02:00;7.3;0.23;;;60;32;W;N;32.0, 60.7
2018-04-21T14:06:04+02:00;3.6;0.12;14;28.2;45;59;E;S;59.0, 45.8
2018-02-12T03:15:19+01:00;3.9;0.13;;;58;15;W;S;15.9, 58.9
2018-01-06T19:24:28+01:00;3.6;0.12;;26.0;12;39;E;S;39.5, 12.8
2017-10-27T00:05:35+02:00;55.8;1.4;;42.5;177;21;E;S;21.3, 177.6
2017-10-15T06:33:16+02:00;3.3;0.11;15;24.1;128;65;E;S;65.2, 128.2
2017-09-05T07:11:27+02:00;3.8;0.13;14;36.0;116;49;W;N;49.3, 116.9
2017-07-23T08:12:38+02:00;3.5;0.12;17;38.0;69;6;W;S;6.6, 69.7
2017-06-23T22:21:55+02:00;18.4;0.52;24;35.1;143;57;E;N;57.0, 143.7
2017-05-14T11:30:35+02:00;3.5;0.12;;33.0;32;26;E;S;26.0, 32.4
2017-03-11T05:51:21+01:00;126.3;2.9;;28.0;60;28;W;N;28.3, 60.2
2017-02-25T02:22:59+01:00;6.5;0.21;12;25.4;13;29;E;N;29.5, 13.5
2017-02-22T19:47:30+01:00;3.8;0.13;;;66;50;W;S;50.7, 66.0
2017-02-06T07:09:59+01:00;6.6;0.21;;33.5;131;10;E;N;10.4, 131.6
2016-12-23T04:29:09+01:00;3.8;0.13;29;42.0;49;21;E;N;21.3, 49.3
2016-11-03T18:14:29+01:00;7.6;0.24;;37.0;16;39;W;S;39.6, 16.3
2016-09-22T06:57:49+02:00;7.1;0.22;17;40.0;178;51;E;S;51.8, 178.5
2016-08-11T07:59:58+02:00;18.4;0.52;14;34.3;53;43;E;S;43.7, 53.8
2016-08-05T20:02:44+02:00;12.1;0.36;;32.4;171;46;E;N;46.4, 171.6
2016-06-02T12:56:32+02:00;17.2;0.49;;;110;33;W;N;33.8, 110.9
2016-05-20T13:59:46+02:00;2.0;0.073;20;30.6;15;32;E;S;32.8, 15.1
2016-05-16T12:09:41+02:00;51.9;1.3;12;41.7;6;3;E;N;3.2, 6.6
2016-05-13T02:34:01+02:00;10.1;0.31;;33.0;122;26;W;N;26.2, 122.3
2016-04-24T07:39:24+02:00;14.6;0.42;;50.0;42;9;W;N;9.8, 42.8
2016-02-23T04:59:13+01:00;3.5;0.12;17;44.0;67;32;E;N;32.3, 67.2
2016-02-19T09:15:02+01:00;20.2;0.56;15;39.4;11;0;W;N;0.7, 11.6
2015-11-02T22:34:20+01:00;7.8;0.24;;37.0;33;41;E;S;41.4, 33.0
2015-10-31T12:34:30+01:00;9.7;0.29;;71.0;138;9;W;N;9.0, 138.0
2015-10-30T08:07:12+01:00;18.0;0.51;;;161;85;W;S;85.0, 161.7
2015-09-17T23:03:14+02:00;9.8;0.3;;;94;43;E;S;43.1, 94.9
2015-09-15T01:50:50+02:00;7.0;0.22;;;15;5;W;N;5.8, 15.2
2015-09-08T15:46:42+02:00;2.0;0.073;16;44.4;29;6;E;N;6.3, 29.9
2015-09-07T03:41:19+02:00;179.8;3.9;21;29.3;98;14;E;N;14.5, 98.9
2015-07-13T00:23:14+02:00;2.2;0.079;;41.0;159;31;E;N;31.0, 159.6
2015-07-04T03:40:11+02:00;5.6;0.18;49;46.3;103;38;E;N;38.6, 103.1
2015-05-20T12:20:41+02:00;3.6;0.12;;32.4;172;1;E;N;1.0, 172.6
2015-05-07T22:34:34+02:00;5.2;0.17;17;37.0;29;21;W;S;21.5, 29.3
2015-04-10T03:14:27+02:00;6.5;0.21;;;8;42;E;S;42.8, 8.2
2015-03-18T01:04:50+01:00;12.1;0.36;;50.0;159;5;E;S;5.4, 159.3
2015-03-11T07:18:59+01:00;7.2;0.23;19;35.2;119;8;E;N;8.0, 119.1
2015-01-09T18:31:47+01:00;2.2;0.079;;;49;23;W;S;23.3, 49.2
2015-01-09T11:41:11+01:00;13.9;0.41;17;36.0;28;2;E;N;2.0, 28.8
2014-12-13T03:53:52+01:00;4.4;0.15;21;30.7;162;86;W;N;86.7, 162.1
2014-12-12T07:48:11+01:00;3.3;0.11;12;26.3;144;33;E;N;33.5, 144.9
2014-12-09T22:19:18+01:00;7.8;0.24;;26.3;96;76;E;N;76.6, 96.3
2014-11-28T12:47:18+01:00;70.0;1.7;13;26.1;172;45;W;S;45.8, 172.7
2014-11-26T18:40:16+01:00;10.5;0.32;19;37.0;24;68;W;S;68.2, 24.0
2014-11-04T21:13:30+01:00;15.6;0.45;16;22.2;115;43;E;N;43.1, 115.8
2014-10-21T20:55:37+02:00;3.4;0.12;;;132;22;W;N;22.2, 132.9
2014-10-14T12:25:03+02:00;2.9;0.1;16;27.2;119;2;E;S;2.0, 119.2
2014-10-06T22:02:15+02:00;3.9;0.13;;;85;43;E;S;43.7, 85.7
2014-09-09T20:55:46+02:00;2.8;0.098;;32.5;137;3;E;N;3.2, 137.2
2014-09-05T23:37:26+02:00;3.5;0.12;;;150;22;W;N;22.7, 150.0
2014-06-28T04:40:07+02:00;24.5;0.67;12;26.3;141;18;E;N;18.9, 141.2
2014-05-29T03:12:36+02:00;5.8;0.19;;28.7;131;21;W;N;21.9, 131.1
2014-05-08T21:42:37+02:00;105.0;2.4;19;35.4;87;36;E;S;36.9, 87.3
2014-02-18T13:50:44+01:00;2.6;0.092;;;61;32;W;S;32.8, 61.5
2014-01-12T17:00:48+01:00;7.8;0.24;16;37.0;64;2;E;N;2.9, 64.4
2013-12-08T04:10:09+01:00;6.4;0.2;11;23.5;165;32;W;N;32.8, 165.1
2013-06-13T04:51:14+02:00;2.2;0.079;;;;;;;
2013-04-30T10:40:38+02:00;511.0;10.0;12;21.2;30;35;W;N;35.5, 30.7
2013-03-12T11:32:59+01:00;2.9;0.1;;26.0;17;32;E;S;32.7, 17.1
2013-02-20T14:13:07+01:00;3.2;0.1;13;;38;23;W;S;23.0, 38.8
2013-02-07T14:12:24+01:00;6.5;0.21;;;158;18;W;S;18.8, 158.6
2013-01-12T04:04:21+01:00;4.8;0.16;;36.1;155;15;W;S;15.1, 155.6
2012-12-30T08:25:35+01:00;19.8;0.55;;;83;17;W;N;17.3, 83.6
2012-11-20T21:37:31+01:00;2.5;0.089;14;33.3;29;2;E;N;2.5, 29.6
2012-10-25T17:57:19+02:00;3.0;0.1;;;;;;;
2012-09-28T07:44:12+02:00;3.8;0.13;;;73;6;E;S;6.9, 73.7
2012-09-12T00:07:30+02:00;5.2;0.17;;;105;18;E;S;18.9, 105.2
2012-08-26T16:55:47+02:00;24.9;0.68;12;36.0;117;11;E;N;11.8, 117.0
2012-06-05T09:44:54+02:00;2.4;0.086;;;;;;;
2012-05-25T13:31:24+02:00;6.0;0.19;;;36;41;W;S;41.8, 36.2
2012-05-22T10:31:42+02:00;21.1;0.59;;;;;;;
2012-05-15T13:04:17+02:00;13.2;0.39;17;33.3;135;61;W;S;61.8, 135.5
2012-04-20T00:12:10+02:00;3.0;0.1;;;16;5;E;N;5.5, 16.8
2012-03-12T07:40:44+01:00;9.9;0.3;11;25.0;139;2;E;N;2.5, 139.8
2012-02-17T11:47:16+01:00;15.4;0.44;;45.6;39;3;W;S;3.2, 39.9
2012-02-12T06:25:52+01:00;14.0;0.41;;61.0;54;31;E;S;31.7, 54.9
2012-02-04T15:42:51+01:00;15.0;0.43;12;34.2;0;32;E;N;32.4, 0.1
2011-12-11T18:29:33+01:00;2.9;0.1;;;;;;;
2011-10-12T09:13:20+02:00;3.6;0.12;;;78;26;W;S;26.4, 78.4
2011-08-20T22:01:37+02:00;2.3;0.082;;;2;27;W;S;27.2, 2.8
2011-08-11T04:56:08+02:00;3.5;0.12;;;;;;;
2011-08-04T09:25:57+02:00;2.8;0.098;;63.0;86;40;W;S;40.7, 86.7
2011-05-16T15:39:06+02:00;2.0;0.073;;;92;1;E;S;1.2, 92.8
2011-04-17T13:21:44+02:00;2.4;0.086;;;;;;;
2011-04-06T10:30:55+02:00;14.8;0.43;12;22.2;43;71;W;N;71.1, 43.5
2011-03-24T21:23:58+01:00;5.8;0.19;;59.0;127;0;W;N;0.6, 127.5
2011-03-01T11:37:54+01:00;3.7;0.13;11;30.6;103;53;E;N;53.5, 103.9
2010-12-09T03:54:07+01:00;6.3;0.2;;66.0;169;54;W;S;54.5, 169.7
2010-11-19T08:25:56+01:00;3.3;0.11;;30.0;148;10;E;S;10.3, 148.8
2010-09-24T14:02:07+02:00;5.0;0.16;;;50;67;W;S;67.4, 50.6
2010-09-08T21:51:36+02:00;6.5;0.21;;46.3;65;13;W;S;13.9, 65.5
2010-09-06T01:37:33+02:00;68.3;1.7;;35.2;49;25;E;S;25.9, 49.0
2010-09-03T14:04:58+02:00;175.0;3.8;12;33.3;146;61;E;S;61.0, 146.7
2010-07-15T03:49:56+02:00;2.4;0.086;;;178;60;W;N;60.9, 178.1
2010-07-07T01:54:43+02:00;756.0;14.0;15;26.0;174;34;W;S;34.1, 174.5
2010-04-17T04:21:58+02:00;5.6;0.18;;;173;13;W;N;13.1, 173.0
2010-04-06T20:33:12+02:00;8.0;0.25;;;146;52;W;N;52.8, 146.5
2010-03-14T19:44:42+01:00;4.2;0.14;;35.6;90;33;W;N;33.8, 90.2
2010-03-08T23:44:41+01:00;3.0;0.1;;53.0;110;18;E;N;18.2, 110.1
2010-03-08T23:02:07+01:00;32.3;0.85;24;52.0;92;32;W;N;32.0, 92.9
2009-12-31T13:50:25+01:00;10.2;0.31;;20.7;178;37;W;N;37.9, 178.3
2009-11-21T21:53:00+01:00;1000.0;18.0;32;38.0;29;22;E;S;22.0, 29.2
2009-09-18T22:13:56+02:00;14.4;0.42;;;29;7;W;N;7.7, 29.5
2009-07-16T08:39:05+02:00;72.7;1.8;;32.2;59;24;W;S;24.4, 59.8
2009-07-03T06:02:00+02:00;2.7;0.095;;;;;;;
2009-06-18T06:39:00+02:00;3.3;0.11;;57.4;16;23;W;S;23.7, 16.0
2009-06-10T00:42:28+02:00;28.1;0.76;;34.2;152;54;W;N;54.9, 152.7
2008-12-12T12:36:36+01:00;21.6;0.6;;50.0;9;7;W;S;7.0, 9.7
2008-11-24T23:01:19+01:00;14.6;0.42;23;34.8;146;57;E;S;57.9, 146.1
2008-09-09T11:49:41+02:00;5.9;0.19;;;;;;;
2008-05-29T23:23:56+02:00;2.1;0.076;;;83;15;W;N;15.7, 83.5
2008-05-15T13:29:55+02:00;8.0;0.25;;;41;28;W;N;28.0, 41.5
2008-04-30T03:18:38+02:00;2.0;0.073;;;35;33;W;S;33.6, 35.1
2008-02-24T20:33:14+01:00;7.4;0.23;;;;;;;
2008-02-19T14:30:30+01:00;2.0;0.073;;;119;48;W;N;48.9, 119.8
2008-02-16T09:38:39+01:00;7.1;0.22;;;;;;;
2008-01-09T04:53:15+01:00;4.1;0.14;11;31.5;67;66;W;S;66.8, 67.3
2007-06-08T15:32:00+02:00;23.5;0.65;;38.9;175;52;E;S;52.0, 175.3
2007-06-07T23:28:12+02:00;3.1;0.11;;29.6;53;21;E;N;21.9, 53.1
2007-05-16T18:20:58+02:00;3.8;0.13;;;111;4;E;S;4.5, 111.7
2007-05-16T06:45:52+02:00;40.0;1.0;;31.5;164;42;E;S;42.4, 164.0
2007-05-04T19:52:39+02:00;17.5;0.5;;48.0;109;22;E;N;22.9, 109.4
2007-04-18T14:44:23+02:00;11.2;0.33;24;38.0;171;83;W;S;83.7, 171.2
2007-04-16T16:56:51+02:00;2.4;0.086;;;;;;;
2007-03-17T07:48:35+01:00;4.0;0.13;14;32.5;4;7;E;N;7.1, 4.1
2007-01-26T23:22:21+01:00;14.7;0.43;;;99;3;E;N;3.7, 99.7
2007-01-17T10:50:46+01:00;54.8;1.4;;33.3;50;8;E;S;8.7, 50.8
2007-01-01T12:43:29+01:00;3.6;0.12;;53.0;116;44;E;N;44.4, 116.5
2006-12-09T07:31:12+01:00;741.0;14.0;15;26.5;26;26;E;N;26.2, 26.0
2006-10-09T06:45:30+02:00;4.1;0.14;;22.2;78;47;E;S;47.0, 78.9
2006-09-23T20:52:58+02:00;12.1;0.36;;;108;29;W;S;29.0, 108.0
2006-09-02T19:57:58+02:00;2.2;0.079;;;;;;;
2006-08-29T03:38:36+02:00;9.2;0.28;;40.7;162;44;W;S;44.0, 162.0
2006-08-09T06:30:44+02:00;102.0;2.4;;37.0;53;23;E;S;23.1, 53.7
2006-07-16T01:55:45+02:00;8.5;0.26;12;29.6;5;78;W;S;78.3, 5.0
2006-05-21T09:51:11+02:00;26.3;0.71;;;25;11;W;S;11.6, 25.5
2006-05-06T17:39:06+02:00;12.8;0.38;;35.2;152;60;W;S;60.2, 152.3
2006-04-25T20:46:53+02:00;2.0;0.073;;;;;;;
2006-04-08T15:16:23+02:00;12.7;0.37;;33.3;113;17;W;N;17.3, 113.2
2006-04-04T13:30:08+02:00;240.0;5.0;;25.0;26;26;W;N;26.6, 26.6
2006-02-06T02:57:37+01:00;119.0;2.7;;35.2;18;54;E;S;54.5, 18.1
2006-02-04T09:38:05+01:00;10.0;0.3;19;38.9;143;36;W;N;36.9, 143.6
2005-12-29T11:05:35+01:00;19.0;0.53;20;42.2;154;3;W;S;3.0, 154.9
2005-12-01T11:40:20+01:00;3.2;0.11;;;155;6;W;S;6.4, 155.8
2005-11-11T21:34:23+01:00;4.2;0.14;;29.6;134;21;W;N;21.4, 134.1
2005-11-02T08:04:32+01:00;3.2;0.11;;68.5;154;33;W;N;33.9, 154.9
2005-11-02T06:16:47+01:00;6.7;0.21;;74.0;123;22;W;N;22.9, 123.8
2005-10-26T23:30:47+02:00;13.8;0.4;;16.7;80;36;W;S;36.3, 80.5
2005-08-20T14:10:24+02:00;2.7;0.095;;;;;;;
2005-05-27T16:12:13+02:00;2.0;0.073;;50.5;145;48;E;S;48.9, 145.1
2005-05-14T15:02:53+02:00;12.9;0.38;;;;;;;
2005-04-15T08:54:59+02:00;2.1;0.076;;39.0;73;43;W;S;43.8, 73.9
2005-04-14T16:05:22+02:00;7.1;0.22;;26.5;176;4;W;N;4.9, 176.0
2005-04-11T07:20:29+02:00;10.6;0.32;;37.0;95;34;W;S;34.2, 95.7
2005-04-06T03:30:24+02:00;2.9;0.1;;70.0;154;42;E;S;42.7, 154.6
2005-04-01T00:15:55+02:00;3.8;0.13;;;36;42;W;N;42.8, 36.2
2005-03-18T17:48:32+01:00;2.7;0.095;;33.0;34;9;W;S;9.7, 34.7
2005-03-09T16:47:36+01:00;5.3;0.17;;44.4;157;21;W;S;21.4, 157.9
2005-01-19T02:43:14+01:00;14.1;0.41;;40.7;164;27;W;S;27.5, 164.9
2004-11-30T09:32:53+01:00;18.1;0.51;;;171;61;W;N;61.0, 171.0
2004-11-17T04:13:04+01:00;18.6;0.52;;;;;;;
2004-10-14T13:41:01+02:00;9.3;0.28;;;;;;;
2004-10-07T15:14:43+02:00;1037.0;18.0;19;35.0;71;27;E;S;27.3, 71.5
2004-10-04T06:39:52+02:00;7.1;0.22;;;150;3;W;N;3.7, 150.9
2004-09-03T14:07:22+02:00;726.0;13.0;;31.5;18;67;E;S;67.7, 18.2
2004-07-22T05:34:31+02:00;3.5;0.12;;;;;;;
2004-07-04T18:58:04+02:00;7.9;0.25;;;;;;;
2004-06-11T17:41:40+02:00;10.4;0.31;;;;;;;
2004-05-18T13:12:12+02:00;39.4;1.0;;;47;28;W;S;28.1, 47.4
2004-05-06T04:22:49+02:00;4.9;0.16;;;;;;;
2004-01-02T05:27:59+01:00;13.4;0.39;;63.0;3;28;E;S;28.2, 3.2
2003-11-26T03:00:04+01:00;3.5;0.12;;32.0;22;22;E;S;22.9, 22.7
2003-09-22T05:45:43+02:00;3.3;0.11;;;;;;;
2003-09-02T22:00:46+02:00;38.5;1.0;;;161;51;W;N;51.3, 161.0
2003-06-10T16:11:07+02:00;3.2;0.11;;;122;41;E;S;41.8, 122.9
2003-05-28T01:32:32+02:00;6.8;0.22;;;166;5;E;N;5.2, 166.2
2003-05-19T05:38:12+02:00;52.1;1.3;;;;;;;
2003-05-15T08:28:32+02:00;4.3;0.14;;;80;54;W;N;54.0, 80.4
2003-04-01T06:40:55+02:00;3.1;0.11;;;;;;;
2003-02-04T15:07:08+01:00;13.5;0.4;;;41;59;E;S;59.9, 41.0
2002-11-21T01:11:17+01:00;24.0;0.66;;;154;1;W;S;1.4, 154.0
2002-11-10T23:13:54+01:00;46.0;1.2;;;166;16;W;N;16.0, 166.0
2002-10-09T14:00:35+02:00;4.9;0.16;;;175;4;W;S;4.3, 175.9
2002-03-18T15:44:57+01:00;2.0;0.073;;;120;60;W;S;60.4, 120.5
2002-03-09T02:20:24+01:00;24.9;0.68;;;147;6;W;N;6.9, 147.3
2002-03-03T22:10:55+01:00;8.2;0.25;;;154;37;E;N;37.5, 154.0
2002-02-01T20:07:54+01:00;7.0;0.22;;;116;60;E;N;60.7, 116.6
2002-01-03T13:19:37+01:00;12.3;0.36;;;;;;;
2001-12-14T18:58:04+01:00;15.1;0.44;;;;;;;
2001-12-12T17:56:13+01:00;9.8;0.3;;;;;;;
2001-11-13T11:58:48+01:00;31.2;0.83;;;;;;;
2001-10-14T14:03:11+02:00;8.9;0.27;;;;;;;
2001-10-12T05:11:53+02:00;6.2;0.2;;;;;;;
2001-10-06T08:29:38+02:00;15.8;0.45;;;;;;;
2001-09-25T13:54:06+02:00;4.2;0.14;;;;;;;
2001-08-26T18:08:52+02:00;3.8;0.13;;;;;;;
2001-08-18T15:57:43+02:00;4.0;0.13;;;;;;;
2001-07-26T23:20:19+02:00;32.6;0.86;;;84;0;E;N;0.4, 84.8
2001-05-06T06:30:29+02:00;5.0;0.16;;;;;;;
2001-04-14T08:40:36+02:00;2.4;0.086;;;;;;;
2001-02-04T06:53:38+01:00;15.1;0.44;;;97;64;E;S;64.0, 97.3
2000-11-13T01:28:01+01:00;6.6;0.21;;;5;13;W;S;13.6, 5.8
2000-10-12T01:29:55+02:00;8.1;0.25;;;5;31;W;S;31.7, 5.5
2000-09-24T08:57:19+02:00;2.7;0.095;;;;;;;
2000-06-03T05:24:49+02:00;3.0;0.1;;;74;36;W;N;36.8, 74.8
2000-02-18T10:25:59+01:00;362.0;7.3;;;109;0;E;S;0.9, 109.2
1999-12-03T18:24:45+01:00;4.2;0.14;;;;;;;
1999-08-16T07:18:20+02:00;3.6;0.12;;;107;35;W;N;35.0, 107.2
1999-03-28T17:37:01+02:00;30.4;0.81;;;97;0;E;N;0.8, 97.6
1999-02-01T15:24:09+01:00;2.8;0.098;;;154;80;E;N;80.0, 154.2
1999-01-14T09:06:05+01:00;506.0;9.8;;32.0;129;44;W;S;44.0, 129.7
1998-10-03T14:58:50+02:00;3.2;0.11;;;;;;;
1998-07-28T16:16:53+02:00;6.3;0.2;;;;;;;
1998-03-24T10:08:14+01:00;2.7;0.095;;;;;;;
1997-12-09T09:15:55+01:00;27.0;0.73;;;49;62;W;N;62.7, 49.9
1997-11-07T08:46:55+01:00;80.0;1.9;;;167;57;E;S;57.3, 167.2
1997-10-09T20:47:15+02:00;19.0;0.53;;37.0;106;31;W;N;31.8, 106.0
1997-10-01T16:26:43+02:00;6.2;0.2;;;108;46;E;N;46.7, 108.9
1997-08-20T19:16:43+02:00;2.6;0.092;;;;;;;
1997-08-15T03:05:22+02:00;2.2;0.079;;;;;;;
1997-07-30T05:01:51+02:00;5.0;0.16;;;;;;;
1997-04-28T00:34:21+02:00;32.5;0.86;;;87;16;E;N;16.7, 87.5
1997-01-28T18:49:49+01:00;2.4;0.086;;;;;;;
1997-01-22T22:13:16+01:00;48.0;1.2;;;29;32;E;N;32.2, 29.0
1997-01-04T07:46:39+01:00;4.3;0.14;;;5;25;W;N;25.7, 5.3
1996-12-04T18:00:34+01:00;4.9;0.16;;;;;;;
1996-11-08T17:02:13+01:00;6.1;0.2;;;;;;;
1996-10-28T05:46:21+01:00;4.3;0.14;;;79;27;W;N;27.4, 79.4
1996-10-23T10:28:06+02:00;4.4;0.15;;;20;47;E;S;47.3, 20.6
1996-10-19T21:01:08+02:00;13.0;0.38;;;34;29;W;N;29.7, 34.7
1996-07-17T05:16:07+02:00;5.0;0.16;;;111;31;E;N;31.8, 111.4
1996-07-12T16:04:45+02:00;3.2;0.11;;;93;20;W;N;20.7, 93.6
1996-03-31T01:53:57+01:00;2.7;0.095;;;;;;;
1996-02-15T03:38:05+01:00;5.0;0.16;;;127;76;W;N;76.0, 127.0
1995-12-27T13:55:01+01:00;2.2;0.079;;;;;;;
1995-11-25T06:29:31+01:00;2.9;0.1;;;;;;;
1995-08-17T18:39:02+02:00;16.0;0.46;;;;;;;
1995-08-05T19:14:10+02:00;20.0;0.56;;;104;11;W;N;11.6, 104.3
1995-07-09T20:20:09+02:00;2.5;0.089;;;66;0;E;S;0.9, 66.3
1995-02-16T14:05:47+01:00;6.0;0.19;;;141;16;W;N;16.7, 141.7
1995-01-18T11:17:26+01:00;7.0;0.22;;;115;51;E;N;51.5, 115.4
1995-01-10T22:08:41+01:00;2.5;0.089;;;;;;;
1995-01-04T05:16:17+01:00;4.1;0.14;;;12;46;E;N;46.4, 12.1
1994-12-18T13:45:40+01:00;5.0;0.16;;;;;;;
1994-11-03T21:01:36+01:00;235.0;5.0;;;89;6;E;N;6.5, 89.0
1994-08-16T01:16:48+02:00;16.4;0.47;;;;;;;
1994-06-15T02:02:26+02:00;4.1;0.14;;;73;45;W;N;45.0, 73.5
1994-02-01T23:38:09+01:00;1820.0;30.0;;;164;2;E;N;2.7, 164.1
1993-10-31T04:39:27+01:00;4.0;0.13;;;100;51;W;N;51.3, 100.9
1988-04-15T05:03:10+02:00;758.0;14.0;;;124;4;E;S;4.1, 124.3
2024-06-18T23:01:32+02:00;2.2;0.079;16;28.7;31;32;W;N;32.2, 31.8
2024-06-02T01:24:59+02:00;7.9;0.25;12;26.5;15;1;W;S;1.0, 15.9
2024-05-24T18:19:59+02:00;5.4;0.18;36;42.0;114;6;E;N;6.6, 114.2
2024-03-17T07:17:58+01:00;3.7;0.13;25;42.1;117;27;E;N;27.6, 117.2
2023-12-11T09:32:58+01:00;12.2;0.36;26;31.7;146;53;E;S;53.6, 146.0
2023-12-06T00:10:11+01:00;2.1;0.076;20;24.1;42;10;E;N;10.0, 42.9
2023-11-21T23:17:29+01:00;3.8;0.13;18;37.0;17;9;E;S;9.4, 17.4
2023-10-30T08:22:56+01:00;2.6;0.092;17;33.8;44;42;W;S;42.9, 44.7
2023-10-15T00:55:26+02:00;5.4;0.18;19;37.0;161;8;W;S;8.4, 161.9
2023-09-28T22:32:35+02:00;5.0;0.16;;37.0;72;13;E;N;13.2, 72.4
2023-08-17T07:57:38+02:00;8.1;0.25;16;35.4;100;48;E;N;48.6, 100.1
2023-07-07T18:15:31+02:00;2.6;0.092;25;38.3;126;14;W;N;14.5, 126.6
2023-07-06T07:52:31+02:00;3.0;0.1;;71.0;145;59;W;S;59.3, 145.4
2023-05-20T13:22:23+02:00;358.4;7.2;27;29.0;141;17;E;S;17.8, 141.9
2023-04-15T10:22:01+02:00;309.7;6.3;17;41.4;36;20;E;S;20.1, 36.0
2023-04-06T16:47:39+02:00;7.2;0.23;22;31.2;109;57;E;N;57.4, 109.9
2022-12-13T18:26:01+01:00;6.2;0.2;18;20.0;2;32;W;N;32.75, 2.1
2022-09-15T01:31:15+02:00;3.2;0.11;17;35.8;63;40;E;N;40.8, 63.4
2022-09-04T05:54:55+02:00;2.4;0.086;21;14.0;165;20;E;N;20.0, 165.9
2022-07-25T09:28:17+02:00;8.7;0.27;15;33.6;76;40;E;S;40.5, 76.6
2022-07-08T03:36:37+02:00;2.7;0.095;20;22.0;130;21;E;N;21.3, 130.1
2022-06-26T22:16:26+02:00;6.5;0.21;20;19.0;164;69;E;S;69.7, 164.7
2022-05-24T04:38:20+02:00;12.6;0.37;;39.8;30;16;W;N;16.3, 30.4
2022-04-12T23:59:12+02:00;5.2;0.17;20;23.8;57;8;E;S;8.2, 57.8
2022-03-24T04:43:42+01:00;7.6;0.24;18;56.7;20;1;W;N;1.9, 20.6
2022-03-11T22:22:46+01:00;185.1;4.0;17;33.3;9;70;W;N;70.0, 9.1
2022-03-03T01:03:03+01:00;2.1;0.076;;72.0;45;50;E;S;50.4, 45.9
2022-02-17T13:08:06+01:00;2.7;0.095;;41.0;38;33;W;N;33.5, 38.9
2022-01-28T06:04:45+01:00;34.1;0.9;;37.0;73;4;W;S;4.5, 73.9
2022-01-11T04:33:13+01:00;126.4;2.9;22;40.8;160;58;W;S;58.4, 160.2
2022-01-01T21:23:04+01:00;14.5;0.42;;35.5;152;66;W;N;66.1, 152.6
2021-12-23T22:27:58+01:00;2.1;0.076;;37.0;29;4;W;S;4.9, 29.6
2021-10-21T12:32:02+02:00;3.7;0.13;15;30.0;51;51;E;N;51.5, 51.4
2021-10-20T10:41:50+02:00;6.0;0.19;;28.0;140;13;W;N;13.8, 140.4
2021-09-06T19:55:42+02:00;3.1;0.11;13;26.0;111;2;W;S;2.1, 111.8
2021-07-30T10:06:34+02:00;14.6;0.42;;63.0;90;7;E;S;7.8, 90.1
2021-05-06T07:54:27+02:00;2.1;0.076;26;31.0;141;34;E;S;34.7, 141.0
2021-05-02T16:12:49+02:00;2.5;0.089;;;43;12;W;N;12.3, 43.4
2021-03-05T14:50:01+01:00;3.9;0.13;;32.5;141;81;E;S;81.1, 141.1
2021-02-28T04:47:37+01:00;2.8;0.098;;;64;9;W;N;9.2, 64.1
2021-02-02T11:03:21+01:00;3.1;0.11;;20.0;80;48;E;N;48.7, 80.1
2020-12-28T18:27:53+01:00;5.7;0.18;;28.3;54;36;W;N;36.8, 54.7
2020-11-28T17:34:11+01:00;2.6;0.092;19;28.1;135;33;E;N;33.3, 135.1
2020-10-21T08:38:49+02:00;2.7;0.095;;39.0;93;29;W;S;29.7, 93.9
2020-05-13T01:22:56+02:00;8.3;0.26;;;174;15;E;N;15.9, 174.2
2020-05-09T11:37:15+02:00;4.1;0.14;;52.5;44;7;W;N;7.2, 44.2
2020-04-14T13:11:16+02:00;2.0;0.073;;;45;65;W;S;65.6, 45.6
2020-03-27T00:27:56+01:00;12.4;0.37;20;26.5;23;38;E;S;38.3, 23.5
2020-02-28T10:30:34+01:00;11.5;0.34;21;34.5;15;45;E;N;45.7, 15.1
2020-02-24T23:21:28+01:00;2.0;0.073;;;96;3;W;N;3.6, 96.0
2020-01-24T12:13:31+01:00;2.6;0.092;21;32.0;35;28;W;N;28.0, 35.8
2020-01-16T10:31:42+01:00;5.9;0.19;12;27.8;116;71;W;S;71.7, 116.4
2019-12-03T07:46:27+01:00;4.2;0.14;;61.5;52;5;W;N;5.6, 52.2
2019-11-28T21:30:54+01:00;2.7;0.095;13;35.0;31;35;W;N;35.7, 31.7
2019-11-28T14:22:10+01:00;2.6;0.092;;;;;;;
2019-11-28T12:55:02+01:00;2.5;0.089;24;22.5;25;22;E;S;22.1, 25.7
2019-09-28T12:40:20+02:00;2.3;0.082;20;52.0;107;12;W;S;12.5, 107.2
2019-09-27T15:35:46+02:00;3.4;0.12;;;28;25;W;N;25.7, 28.4
2019-09-12T14:49:48+02:00;16.9;0.48;18;42.0;9;54;E;N;54.5, 9.2
2019-08-24T14:02:59+02:00;4.0;0.13;13;39.8;130;21;W;N;21.9, 130.4
2019-08-22T23:47:29+02:00;2.0;0.073;;30.2;92;24;W;S;24.4, 92.9
2019-06-30T10:11:29+02:00;2.1;0.076;;;168;2;E;S;2.5, 168.7
2019-05-22T17:16:49+02:00;9.5;0.29;;32.6;37;10;W;N;10.8, 37.3
2019-05-13T00:41:48+02:00;2.1;0.076;;;57;6;W;N;6.2, 57.1
2019-05-04T17:35:46+02:00;2.2;0.079;;26.5;88;28;W;N;28.4, 88.3
2019-04-22T23:42:11+02:00;12.4;0.37;11;33.3;67;48;E;S;48.8, 67.8
2019-04-06T13:59:09+02:00;7.0;0.22;18;41.5;94;56;E;N;56.5, 94.9
2019-04-05T00:19:01+02:00;2.8;0.098;;;93;35;W;N;35.3, 93.9
2019-03-27T13:50:34+01:00;2.2;0.079;;;7;41;W;S;41.8, 7.4
2018-11-14T05:03:47+01:00;3.8;0.13;;37.0;83;37;E;S;37.6, 83.5
2018-10-24T23:19:07+02:00;4.7;0.16;;33.3;148;6;W;S;6.7, 148.6
2018-10-22T09:11:03+02:00;2.6;0.092;;;;;;;
2018-09-20T20:29:03+02:00;8.3;0.26;11;;75;67;E;S;67.3, 75.1
2018-09-17T03:08:02+02:00;15.0;0.43;;;27;6;W;S;6.8, 27.8
2018-09-13T02:51:21+02:00;4.2;0.14;;;50;42;W;N;42.5, 50.1
2018-08-27T06:36:45+02:00;2.4;0.086;16;33.0;141;1;E;S;1.7, 141.4
2018-06-02T18:44:12+02:00;37.5;0.98;16;28.7;23;21;E;S;21.2, 23.3
2018-05-03T09:23:59+02:00;3.8;0.13;11;39.0;7;46;W;N;46.9, 7.5
2018-04-30T15:17:57+02:00;3.0;0.1;13;34.0;1;45;W;S;45.5, 1.4
2018-04-19T16:02:27+02:00;7.2;0.23;20;30.0;3;7;E;N;7.5, 3.6
2018-04-19T15:39:38+02:00;51.2;1.3;10;31.5;72;22;E;S;22.2, 72.6
2018-04-07T05:05:09+02:00;8.6;0.27;;31.5;78;72;W;N;72.4, 78.7
2018-02-21T02:28:03+01:00;7.1;0.22;13;31.5;37;13;W;S;13.5, 37.1
2018-02-08T23:21:41+01:00;25.9;0.7;;43.5;179;42;E;N;42.9, 179.7
2018-02-01T13:21:36+01:00;19.0;0.53;16;37.0;104;19;E;S;19.4, 104.3
2018-01-06T22:24:22+01:00;2.8;0.098;21;26.0;52;55;E;N;55.8, 52.5
2017-12-31T10:36:10+01:00;4.4;0.15;;64.5;101;63;W;S;63.5, 101.3
2017-12-28T18:45:44+01:00;11.4;0.34;;;;;;;
2017-10-09T14:51:48+02:00;3.0;0.1;;;64;18;W;S;18.3, 64.1
2017-08-01T00:01:35+02:00;5.8;0.19;;;118;24;W;N;24.7, 118.5
2017-07-13T11:30:36+02:00;7.3;0.23;13;35.0;60;23;E;N;23.1, 60.7
2017-06-30T16:26:45+02:00;9.4;0.29;15;20.0;134;34;E;S;34.3, 134.5
2017-05-24T09:03:03+02:00;9.0;0.28;18;46.0;101;9;E;S;9.1, 101.8
2017-05-22T19:44:39+02:00;3.5;0.12;;33.0;157;49;W;S;49.6, 157.6
2017-04-30T23:28:28+02:00;15.0;0.43;21;32.4;56;25;E;S;25.7, 56.2
2017-03-09T05:16:37+01:00;40.0;1.0;36;23.0;18;40;W;N;40.5, 18.0
2016-11-24T15:10:34+01:00;13.8;0.4;17;30.6;80;15;E;S;15.2, 80.3
2016-10-01T22:23:45+02:00;3.1;0.11;14;27.8;6;36;E;N;36.2, 6.7
2016-09-14T17:01:51+02:00;7.6;0.24;18;54.0;44;3;E;S;3.5, 44.6
2016-06-05T08:12:55+02:00;33.1;0.87;14;28.7;138;17;E;S;17.4, 138.3
2016-05-29T14:14:55+02:00;6.9;0.22;;32.0;48;10;W;N;10.2, 48.8
2016-04-18T13:59:10+02:00;22.4;0.62;17;31.5;14;20;W;N;20.7, 14.5
2016-04-10T16:57:53+02:00;65.5;1.6;15;35.2;149;22;E;N;22.0, 149.0
2016-03-17T00:54:20+01:00;3.2;0.11;13;42.0;6;49;W;S;49.2, 6.3
2016-02-21T06:58:53+01:00;36.9;0.96;;32.0;37;36;W;N;36.5, 37.2
2016-02-13T01:10:13+01:00;5.1;0.17;;;117;3;E;N;3.1, 117.9
2016-02-06T14:55:09+01:00;685.3;13.0;15;31.0;25;30;W;S;30.4, 25.5
2016-01-21T17:44:54+01:00;4.6;0.15;18;42.5;0;10;E;S;10.8, 0.7
2015-12-21T03:32:48+01:00;8.3;0.26;12;42.2;143;5;E;N;5.9, 143.0
2015-10-10T11:57:51+02:00;3.6;0.12;11;51.8;21;51;W;S;51.0, 21.1
2015-09-02T22:10:30+02:00;3.7;0.13;24;39.8;40;39;E;N;39.1, 40.2
2015-07-19T09:06:26+02:00;2.3;0.082;17;22.0;87;20;W;N;20.6, 87.6
2015-06-14T05:03:06+02:00;7.1;0.22;31;32.4;124;6;E;N;6.3, 124.1
2015-06-12T19:03:35+02:00;17.6;0.5;;43.5;32;1;W;S;1.3, 32.1
2015-05-18T19:13:51+02:00;4.3;0.14;;29.0;139;32;E;N;32.4, 139.1
2015-04-30T12:21:01+02:00;10.5;0.32;12;26.7;139;48;E;S;48.7, 139.1
2015-04-21T03:42:51+02:00;8.8;0.27;21;37.4;39;37;W;N;37.7, 39.6
2015-04-08T06:06:31+02:00;17.3;0.49;19;36.3;51;25;E;S;25.5, 51.5
2015-03-30T23:33:52+02:00;6.4;0.2;13;33.1;5;36;W;S;36.1, 5.5
2015-03-04T05:30:05+01:00;5.5;0.18;18;39.8;88;15;E;S;15.9, 88.1
2015-02-17T14:19:50+01:00;3.3;0.11;28;39.0;11;8;W;S;8.0, 11.2
2014-08-23T08:29:41+02:00;381.9;7.6;16;22.2;132;61;E;S;61.7, 132.6
2014-07-29T09:38:07+02:00;7.3;0.23;;;172;49;W;S;49.2, 172.2
2014-07-29T05:07:43+02:00;5.3;0.17;;;115;33;W;S;33.9, 115.9
2014-06-26T07:54:41+02:00;6.1;0.2;11;28.5;93;71;E;S;71.5, 93.4
2014-05-16T14:42:48+02:00;30.9;0.82;16;44.0;176;44;W;S;44.2, 176.2
2014-03-03T16:00:21+01:00;9.4;0.29;;;94;29;W;S;29.0, 94.9
2013-10-12T18:06:45+02:00;161.0;3.5;12;22.2;25;19;W;S;19.1, 25.0
2013-10-09T19:27:36+02:00;6.0;0.19;;;;;;;
2013-09-24T17:31:16+02:00;16.0;0.46;;40.7;164;10;W;S;10.3, 164.7
2013-08-12T20:08:02+02:00;4.4;0.15;;66.6;118;34;E;S;34.4, 118.2
2013-07-31T09:00:38+02:00;3.9;0.13;;;;;;;
2013-07-30T04:36:58+02:00;39.0;1.0;18;25.6;90;50;E;S;50.2, 90.2
2013-07-26T13:32:26+02:00;2.0;0.073;;37.0;178;21;W;N;21.0, 178.5
2013-07-18T02:46:37+02:00;2.2;0.079;;;;;;;
2013-06-02T00:49:48+02:00;3.4;0.12;;28.9;138;65;E;S;65.6, 138.4
2013-05-15T01:20:21+02:00;2.0;0.073;;;76;3;E;S;3.0, 76.4
2013-01-25T08:40:18+01:00;340.0;6.9;;;64;60;W;N;60.3, 64.6
2012-10-09T02:54:55+02:00;21.0;0.58;13;27.8;84;51;W;N;51.2, 84.6
2012-10-02T18:38:38+02:00;47.0;1.2;15;35.0;111;8;W;S;8.1, 111.9
2012-09-10T03:03:32+02:00;2.3;0.082;16;23.8;111;69;W;S;69.8, 111.7
2012-08-27T08:57:43+02:00;6.8;0.22;28;38.7;64;18;E;S;18.3, 64.2
2012-07-27T06:19:50+02:00;3.4;0.12;;27.2;172;63;E;N;63.1, 172.3
2012-07-25T09:48:20+02:00;13.3;0.39;18;26.8;41;36;E;N;36.4, 41.5
2012-04-21T18:08:23+02:00;14.3;0.42;;;174;15;W;S;15.8, 174.8
2012-03-01T04:12:40+01:00;2.2;0.079;;;29;46;W;N;46.9, 29.8
2012-02-24T20:11:41+01:00;3.7;0.13;;;30;22;E;S;22.7, 30.8
2012-01-15T13:26:20+01:00;2.1;0.076;12;26.3;109;64;E;S;64.1, 109.9
2011-11-20T06:25:05+01:00;2.3;0.082;;;116;27;E;S;27.9, 116.3
2011-09-14T01:36:47+02:00;6.7;0.21;16;21.3;13;19;W;S;19.9, 13.8
2011-08-31T11:44:13+02:00;2.7;0.095;;;5;18;W;N;18.6, 5.1
2011-07-28T01:00:36+02:00;4.4;0.15;;29.6;63;45;E;S;45.3, 63.5
2011-07-08T01:25:54+02:00;3.3;0.11;;;;;;;
2011-07-05T17:42:41+02:00;6.5;0.21;;40.7;139;29;E;N;29.1, 139.7
2011-07-04T11:18:04+02:00;2.9;0.1;;;175;51;E;S;51.7, 175.0
2011-04-27T22:38:09+02:00;22.0;0.61;;28.7;126;1;W;N;1.4, 126.6
2011-04-27T13:21:44+02:00;2.4;0.086;;;;;;;
2011-04-11T23:43:40+02:00;3.8;0.13;;;;;;;
2011-02-21T06:07:03+01:00;3.9;0.13;18;44.4;43;26;E;N;26.3, 43.7
2011-01-21T16:11:43+01:00;7.2;0.23;;61.0;44;18;W;N;18.9, 44.6
2010-11-09T14:05:46+01:00;8.6;0.27;;37.0;16;56;W;S;56.3, 16.7
2010-11-09T07:56:52+01:00;2.0;0.073;;26.0;160;14;W;S;14.0, 160.0
2010-10-27T13:27:39+02:00;14.5;0.42;;35.2;67;14;E;S;14.1, 67.7
2010-10-08T11:58:01+02:00;2.0;0.073;;;;;;;
2010-09-18T07:04:41+02:00;6.7;0.21;;;36;7;E;N;7.4, 36.7
2010-08-05T21:31:48+02:00;3.6;0.12;;;46;21;E;S;21.5, 46.6
2010-06-21T08:42:00+02:00;16.3;0.47;;;120;22;W;S;22.5, 120.9
2010-04-16T06:38:52+02:00;84.4;2.0;18;22.2;176;1;W;N;1.8, 176.9
2010-03-15T16:55:43+01:00;8.0;0.25;;;;;;;
2010-02-26T23:46:13+01:00;23.7;0.65;;;166;37;W;S;37.3, 166.0
2010-02-24T20:55:58+01:00;9.3;0.28;;;102;2;W;S;2.6, 102.2
2010-01-15T20:17:54+01:00;49.2;1.2;14;25.0;27;8;E;S;8.3, 27.0
2009-11-18T08:07:19+01:00;73.6;1.8;;31.5;113;40;W;N;40.4, 113.2
2009-11-07T12:31:59+01:00;2.2;0.079;;;157;45;W;N;45.5, 157.7
2009-11-07T11:41:38+01:00;4.2;0.14;;37.0;64;24;E;N;24.0, 64.1
2009-10-11T14:49:51+02:00;7.1;0.22;;27.8;70;78;E;S;78.3, 70.2
2009-10-08T04:57:00+02:00;2000.0;33.0;19;19.1;120;4;E;S;4.2, 120.6
2009-05-13T22:20:16+02:00;7.3;0.23;;;;;;;
2009-04-20T06:01:39+02:00;2.2;0.079;;;84;6;E;N;6.0, 84.3
2009-03-15T06:44:33+01:00;3.2;0.11;;;98;21;W;S;21.7, 98.6
2009-03-01T10:00:59+01:00;2.0;0.073;;;;;;;
2009-02-20T13:15:57+01:00;5.0;0.16;;;70;64;W;S;64.9, 70.0
2009-02-07T20:51:32+01:00;160.0;3.5;15;40.0;69;56;E;N;56.6, 69.8
2009-01-12T23:24:56+01:00;4.8;0.16;;;44;47;W;N;47.8, 44.3
2008-12-09T07:08:16+01:00;3.4;0.12;;;;;;;
2008-11-18T10:41:51+01:00;2.5;0.089;22;35.2;75;29;E;S;29.4, 75.9
2008-10-10T11:34:18+02:00;18.0;0.51;;21.4;17;57;E;S;57.3, 17.0
2008-08-12T13:44:10+02:00;2.0;0.073;;;175;11;W;S;11.6, 175.0
2008-08-07T08:07:10+02:00;4.1;0.14;13;45.4;180;18;E;N;18.5, 180.0
2008-07-22T21:34:00+02:00;6.1;0.2;;54.4;89;17;W;S;17.8, 89.2
2008-07-08T17:55:30+02:00;6.6;0.21;21;52.2;147;72;E;N;72.8, 147.3
2008-06-27T04:01:23+02:00;17.2;0.49;23;33.7;17;26;W;S;26.9, 17.7
2008-06-18T15:45:36+02:00;2.1;0.076;;;103;6;E;N;6.1, 103.1
2008-05-24T12:18:10+02:00;15.0;0.43;14;37.0;162;0;E;N;0.8, 162.0
2008-05-22T22:50:28+02:00;2.1;0.076;;;134;46;E;N;46.9, 134.5
2008-05-06T03:08:56+02:00;5.7;0.18;;;;;;;
2008-03-15T12:29:55+01:00;5.0;0.16;12;26.7;41;28;W;N;28.0, 41.5
2008-02-18T09:51:12+01:00;5.0;0.16;;;;;;;
2008-01-18T02:17:39+01:00;4.4;0.15;;;;;;;
2007-12-26T07:46:20+01:00;13.6;0.4;;;158;61;W;S;61.6, 158.9
2007-12-20T18:00:48+01:00;12.2;0.36;;;115;51;E;N;51.3, 115.4
2007-10-25T21:35:38+02:00;5.8;0.19;;46.3;91;40;E;S;40.9, 91.3
2007-03-15T03:20:15+01:00;2.5;0.089;;;148;44;W;S;44.1, 148.4
2007-02-02T13:48:41+01:00;34.0;0.89;;35.5;37;24;W;N;24.0, 37.2
2007-01-22T08:24:56+01:00;7.6;0.24;13;32.0;53;45;E;N;45.4, 53.5
2007-01-18T14:51:10+01:00;3.2;0.11;;34.1;164;5;W;N;5.3, 164.3
2006-12-07T12:42:00+01:00;2.1;0.076;;;140;14;W;N;14.0, 140.0
2006-11-13T16:16:34+01:00;2.3;0.082;;;43;44;E;S;44.0, 43.3
2006-10-07T14:18:53+02:00;4.1;0.14;;40.7;61;23;W;S;23.0, 61.8
2006-10-02T21:10:27+02:00;9.0;0.28;;42.0;53;14;E;N;14.0, 53.1
2006-09-27T10:33:43+02:00;10.7;0.32;;48.1;60;32;E;S;32.0, 60.2
2006-09-02T06:26:15+02:00;123.0;2.8;14;44.1;109;14;E;S;14.0, 109.1
2006-08-15T12:52:24+02:00;4.7;0.16;;32.7;49;4;E;N;4.9, 49.6
2006-05-28T03:32:24+02:00;2.6;0.092;;;;;;;
2006-01-08T06:20:19+01:00;9.4;0.29;;;28;7;W;N;7.6, 28.2
2005-12-24T16:30:26+01:00;18.1;0.51;;66.0;17;54;E;S;54.0, 17.3
2005-11-29T08:33:16+01:00;3.2;0.11;;59.3;58;7;W;N;7.6, 58.2
2005-09-14T03:08:52+02:00;2.5;0.089;;33.3;27;11;E;N;11.6, 27.3
2005-09-02T09:59:47+02:00;8.2;0.25;;;73;13;E;N;13.5, 73.1
2005-06-03T10:15:41+02:00;8.2;0.25;26;29.6;90;31;W;S;31.0, 90.3
2005-05-07T11:31:44+02:00;2.6;0.092;16;15.2;163;75;E;S;75.8, 163.7
2005-05-02T22:10:36+02:00;4.6;0.15;;;36;17;E;N;17.7, 36.0
2005-04-22T13:18:05+02:00;2.2;0.079;;37.0;36;20;W;N;20.9, 36.7
2005-04-05T19:48:07+02:00;3.5;0.12;;;;;;;
2005-04-03T03:45:29+02:00;21.9;0.61;;59.2;112;1;E;S;1.0, 112.4
2005-02-17T23:52:36+01:00;10.0;0.3;;42.5;161;48;W;N;48.0, 161.5
2005-01-01T04:44:09+01:00;45.4;1.2;;31.8;12;32;E;N;32.7, 12.4
2004-10-10T13:05:28+02:00;3.0;0.1;;;;;;;
2004-08-22T12:01:33+02:00;144.0;3.2;;37.0;22;51;E;S;51.9, 22.7
2004-07-29T14:41:45+02:00;2.5;0.089;;;;;;;
2004-07-16T02:11:01+02:00;2.9;0.1;;;;;;;
2004-07-03T22:47:22+02:00;6.5;0.21;;;;;;;
2004-06-12T09:13:56+02:00;10.4;0.31;;;175;21;E;N;21.7, 175.3
2004-06-05T22:34:10+02:00;181.0;3.9;19;43.0;174;1;W;N;1.3, 174.4
2004-06-04T15:41:38+02:00;33.9;0.89;;;;;;;
2004-06-03T23:59:15+02:00;4.7;0.16;;;;;;;
2004-04-23T02:33:41+02:00;5.6;0.18;;;;;;;
2004-04-06T05:24:49+02:00;43.3;1.1;25;35.0;162;12;E;S;12.0, 162.8
2004-03-26T17:35:45+01:00;2.4;0.086;;46.0;155;7;E;S;7.6, 155.1
2004-03-25T10:39:26+01:00;2.1;0.076;;;21;4;E;S;4.8, 21.0
2004-02-02T19:52:20+01:00;3.0;0.1;;;52;18;E;S;18.3, 52.3
2004-01-22T02:06:43+01:00;23.2;0.64;;37.0;157;50;E;S;50.6, 157.8
2004-01-17T21:11:02+01:00;2.8;0.098;;;;;;;
2004-01-16T12:17:06+01:00;9.8;0.3;;;;;;;
2003-12-09T23:36:23+01:00;64.3;1.6;;;90;67;W;S;67.1, 90.8
2003-11-01T15:09:30+01:00;7.3;0.23;;;151;51;E;S;51.4, 151.7
2003-10-13T16:06:59+02:00;3.0;0.1;;;;;;;
2003-09-27T14:59:02+02:00;215.0;4.6;18;26.0;86;21;E;N;21.0, 86.6
2003-09-21T09:40:00+02:00;2.0;0.073;;;;;;;
2003-08-26T10:44:07+02:00;24.9;0.68;;;;;;;
2003-07-21T07:11:28+02:00;5.8;0.19;;;;;;;
2003-06-23T00:53:28+02:00;2.1;0.076;;;;;;;
2003-03-27T06:50:26+01:00;14.2;0.41;;45.0;87;41;W;N;41.4, 87.7
2003-02-13T00:45:57+01:00;7.9;0.25;;;;;;;
2003-02-06T18:00:19+01:00;19.7;0.55;;;113;62;W;S;62.9, 113.9
2003-01-30T07:02:59+01:00;10.7;0.32;;;;;;;
2002-10-04T12:08:01+02:00;11.7;0.35;;;;;;;
2002-08-14T09:48:32+02:00;9.0;0.28;;;126;6;W;S;6.9, 126.2
2002-07-25T17:57:32+02:00;23.0;0.63;;;47;28;E;S;28.7, 47.0
2002-07-22T13:16:02+02:00;5.3;0.17;;;106;34;E;N;34.0, 106.1
2002-06-29T18:31:55+02:00;15.9;0.46;;;;;;;
2002-06-15T13:51:18+02:00;2.9;0.1;;;;;;;
2002-04-03T21:10:21+02:00;18.2;0.51;;;27;5;E;S;5.3, 27.1
2002-03-28T22:29:56+01:00;2.7;0.095;;;;;;;
2002-03-19T03:56:52+01:00;5.3;0.17;;;;;;;
2001-07-24T00:19:11+02:00;124.0;2.8;;;77;41;W;N;41.0, 77.0
2001-04-13T02:29:57+02:00;25.1;0.68;;;162;15;E;S;15.3, 162.4
2001-01-28T17:19:18+01:00;10.8;0.32;;;31;66;E;N;66.0, 31.3
2000-12-15T14:22:59+01:00;26.2;0.71;;;95;41;E;N;41.3, 95.2
2000-09-20T00:12:38+02:00;8.9;0.27;;;133;3;W;S;3.2, 133.8
2000-07-31T09:06:34+02:00;3.8;0.13;;;138;15;W;N;15.7, 138.5
2000-07-15T18:13:29+02:00;2.1;0.076;;;163;46;E;S;46.6, 163.3
2000-07-09T03:08:45+02:00;12.1;0.36;;;;;;;
2000-06-23T11:03:42+02:00;2.0;0.073;;;44;69;W;N;69.2, 44.0
2000-06-22T22:02:11+02:00;3.0;0.1;;;159;32;E;N;32.9, 159.0
2000-06-14T18:39:18+02:00;14.5;0.42;;48.0;107;28;E;N;28.1, 107.3
2000-06-04T05:17:39+02:00;19.0;0.53;;;;;;;
2000-05-29T18:46:28+02:00;6.0;0.19;;;;;;;
2000-05-03T12:40:09+02:00;5.9;0.19;;;73;5;E;S;5.0, 73.0
2000-04-21T15:42:20+02:00;8.6;0.27;;;;;;;
2000-04-04T15:38:15+02:00;2.3;0.082;;;;;;;
2000-03-28T17:27:17+02:00;6.3;0.2;;;98;1;E;N;1.0, 98.3
2000-03-06T09:29:18+01:00;96.0;2.2;;;175;58;E;N;58.0, 175.0
1999-12-11T18:31:52+01:00;27.3;0.74;;;;;;;
1999-12-10T19:56:50+01:00;2.8;0.098;;;;;;;
1999-12-01T20:38:15+01:00;2.3;0.082;;;;;;;
1999-11-30T03:18:53+01:00;4.5;0.15;;;;;;;
1999-11-07T18:53:06+01:00;8.9;0.27;;;77;2;W;S;2.3, 77.4
1999-10-26T19:19:42+02:00;8.6;0.27;;;70;13;W;N;13.7, 70.8
1999-08-06T05:22:37+02:00;6.8;0.22;;;;;;;
1999-06-25T08:27:41+02:00;12.4;0.37;;69.0;121;50;E;N;50.0, 121.0
1999-05-23T09:02:10+02:00;2.6;0.092;;;116;16;W;S;16.4, 116.3
1999-04-26T13:33:06+02:00;9.2;0.28;;;6;22;E;S;22.5, 6.5
1999-04-26T11:49:26+02:00;3.3;0.11;;;159;32;E;S;32.8, 159.1
1999-02-19T00:15:25+01:00;15.4;0.44;;;64;54;W;S;54.9, 64.6
1999-01-19T03:32:21+01:00;2.4;0.086;;;85;7;E;N;7.9, 85.8
1998-12-22T10:24:00+01:00;2.7;0.095;;;;;;;
1998-11-23T21:20:14+01:00;2.5;0.089;;;160;82;E;N;82.3, 160.1
1998-09-04T11:16:11+02:00;12.8;0.38;;;;;;;
1998-09-01T13:15:04+02:00;2.4;0.086;;;23;34;E;N;34.6, 23.6
1998-08-30T02:20:12+02:00;4.1;0.14;;;;;;;
1998-08-08T14:55:22+02:00;2.3;0.082;;;;;;;
1998-01-08T17:10:21+01:00;6.2;0.2;;;;;;;
1997-09-30T14:31:18+02:00;2.3;0.082;;;63;38;E;S;38.1, 63.9
1997-07-04T14:22:33+02:00;2.7;0.095;;;175;15;W;S;15.8, 175.8
1997-05-22T10:30:15+02:00;4.5;0.15;;;;;;;
1997-02-06T19:28:34+01:00;2.6;0.092;;;;;;;
1997-01-23T11:03:27+01:00;27.0;0.73;;;94;15;E;S;15.0, 94.2
1996-12-17T05:16:18+01:00;4.1;0.14;;;37;34;W;N;34.1, 37.2
1996-12-10T07:09:32+01:00;25.0;0.68;;;;;;;
1996-11-22T11:06:17+01:00;6.8;0.22;;;;;;;
1996-10-07T19:43:44+02:00;4.5;0.15;;;;;;;
1996-08-15T18:07:51+02:00;8.4;0.26;;;;;;;
1996-08-07T05:16:03+02:00;15.0;0.43;;;;;;;
1996-06-25T13:22:40+02:00;2.1;0.076;;;;;;;
1996-05-08T03:02:05+02:00;2.8;0.098;;;;;;;
1996-05-01T15:19:25+02:00;3.5;0.12;;;;;;;
1996-03-30T05:03:32+01:00;12.0;0.36;;;84;31;W;S;31.1, 84.3
1996-03-13T09:31:01+01:00;23.0;0.63;;;;;;;
1996-02-16T08:03:14+01:00;5.5;0.18;;;;;;;
1996-01-18T18:10:49+01:00;12.0;0.36;;;;;;;
1995-12-22T14:26:29+01:00;45.0;1.1;;;73;70;W;S;70.2, 73.3
1995-12-09T20:54:26+01:00;12.0;0.36;;;79;2;W;S;2.9, 79.0
1995-11-13T04:10:47+01:00;2.1;0.076;;;;;;;
1995-10-01T03:42:01+01:00;3.5;0.12;;;;;;;
1995-08-06T06:38:09+02:00;5.5;0.18;;;;;;;
1995-06-09T11:28:38+02:00;2.5;0.089;;;;;;;
1995-04-02T14:32:38+02:00;2.5;0.089;;;;;;;
1994-10-08T04:24:22+01:00;6.6;0.21;;;;;;;
1994-09-22T06:22:17+02:00;6.7;0.21;;;;;;;
1994-06-03T22:48:42+02:00;50.9;1.3;;;;;;;
1994-05-29T11:30:58+02:00;38.4;1.0;;;2;52;E;N;52.8, 2.3
1993-11-29T18:48:41+01:00;2.6;0.092;;;78;26;E;N;26.5, 78.3
